Step,Value
0,-16
1,-16
2,-16
3,-14
4,-14
5,-14
6,-14
7,-14
8,-14
9,-14
10,-14
11,-12
12,-12
13,-12
14,-12
15,-12
16,-12
17,-12
18,-12
19,-12
20,-12
21,-12
22,-12
23,-12
24,-12
25,-12
26,-12
27,-12
28,-12
29,-12
30,-12
31,-12
32,-12
33,-12
34,-12
35,-12
36,-12
37,-12
38,-12
39,-12
40,-12
41,-12
42,-12
43,-12
44,-12
45,-12
46,-12
47,-12
48,-12
49,-12
50,-12
51,-12
52,-12
53,-12
54,-12
55,-12
56,-12
57,-12
58,-12
59,-12
60,-12
61,-10
62,-10
63,-10
64,-10
65,-10
66,-10
67,-10
68,-10
69,-10
70,-10
71,-10
72,-10
73,-10
74,-10
75,-10
76,-10
77,-10
78,-10
79,-10
80,-10
81,-10
82,-10
83,-10
84,-10
85,-10
86,-10
87,-10
88,-10
89,-10
90,-10
91,-10
92,-10
93,-10
94,-10
95,-10
96,-10
97,-10
98,-10
99,-10
100,-10
101,-10
102,-10
103,-10
104,-10
105,-10
106,-10
107,-10
108,-10
109,-10
110,-10
111,-10
112,-10
113,-10
114,-10
115,-10
116,-10
117,-10
118,-10
119,-10
120,-10
121,-10
122,-10
123,-10
124,-10
125,-10
126,-10
127,-10
128,-10
129,-10
130,-10
131,-10
132,-10
133,-10
134,-10
135,-10
136,-10
137,-10
138,-10
139,-10
140,-10
141,-10
142,-10
143,-10
144,-10
145,-10
146,-10
147,-10
148,-10
149,-10
150,-10
151,-10
152,-10
153,-10
154,-10
155,-10
156,-10
157,-10
158,-10
159,-10
160,-10
161,-10
162,-10
163,-10
164,-10
165,-10
166,-10
167,-10
168,-10
169,-10
170,-10
171,-10
172,-10
173,-10
174,-10
175,-10
176,-10
177,-10
178,-10
179,-10
180,-10
181,-10
182,-10
183,-10
184,-10
185,-10
186,-10
187,-10
188,-10
189,-10
190,-10
191,-10
192,-10
193,-10
194,-10
195,-8
196,-8
197,-8
198,-8
199,-8
200,-8
201,-8
202,-8
203,-8
204,-8
205,-8
206,-8
207,-8
208,-8
209,-8
210,-8
211,-8
212,-8
213,-8
214,-8
215,-8
216,-8
217,-8
218,-8
219,-8
220,-8
221,-8
222,-8
223,-8
224,-8
225,-8
226,-8
227,-8
228,-8
229,-8
230,-8
231,-8
232,-8
233,-8
234,-8
235,-8
236,-8
237,-8
238,-8
239,-8
240,-8
241,-8
242,-8
243,-8
244,-8
245,-8
246,-8
247,-8
248,-8
249,-8
250,-8
251,-8
252,-8
253,-8
254,-8
255,-8
256,-8
257,-8
258,-8
259,-8
260,-8
261,-8
262,-8
263,-8
264,-8
265,-8
266,-8
267,-8
268,-8
269,-8
270,-8
271,-8
272,-8
273,-8
274,-8
275,-8
276,-8
277,-8
278,-8
279,-8
280,-8
281,-8
282,-8
283,-8
284,-8
285,-8
286,-8
287,-8
288,-8
289,-8
290,-8
291,-8
292,-8
293,-8
294,-8
295,-8
296,-8
297,-8
298,-8
299,-8
300,-8
301,-8
302,-8
303,-8
304,-8
305,-8
306,-8
307,-8
308,-8
309,-8
310,-8
311,-8
312,-8
313,-8
314,-8
315,-8
316,-8
317,-8
318,-8
319,-8
320,-8
321,-8
322,-8
323,-8
324,-8
325,-8
326,-8
327,-8
328,-8
329,-8
330,-8
331,-8
332,-8
333,-8
334,-8
335,-8
336,-8
337,-8
338,-8
339,-8
340,-8
341,-8
342,-8
343,-8
344,-8
345,-8
346,-8
347,-8
348,-8
349,-8
350,-8
351,-8
352,-8
353,-8
354,-8
355,-8
356,-8
357,-8
358,-8
359,-8
360,-8
361,-8
362,-8
363,-8
364,-8
365,-8
366,-8
367,-8
368,-8
369,-8
370,-8
371,-8
372,-8
373,-8
374,-8
375,-8
376,-8
377,-8
378,-8
379,-8
380,-8
381,-8
382,-8
383,-8
384,-8
385,-8
386,-8
387,-8
388,-8
389,-8
390,-8
391,-8
392,-8
393,-8
394,-8
395,-8
396,-8
397,-8
398,-8
399,-8
400,-8
401,-8
402,-8
403,-8
404,-8
405,-8
406,-8
407,-8
408,-8
409,-8
410,-8
411,-8
412,-8
413,-8
414,-8
415,-8
416,-8
417,-8
418,-8
419,-8
420,-8
421,-8
422,-8
423,-8
424,-8
425,-8
426,-8
427,-8
428,-8
429,-8
430,-8
431,-8
432,-8
433,-8
434,-8
435,-8
436,-8
437,-8
438,-8
439,-8
440,-8
441,-8
442,-8
443,-8
444,-8
445,-8
446,-8
447,-8
448,-8
449,-8
450,-8
451,-8
452,-8
453,-8
454,-8
455,-8
456,-8
457,-8
458,-8
459,-8
460,-8
461,-8
462,-8
463,-8
464,-8
465,-8
466,-8
467,-8
468,-8
469,-8
470,-8
471,-8
472,-8
473,-8
474,-8
475,-8
476,-8
477,-8
478,-8
479,-8
480,-8
481,-8
482,-8
483,-8
484,-8
485,-8
486,-8
487,-8
488,-8
489,-8
490,-8
491,-8
492,-8
493,-8
494,-8
495,-8
496,-8
497,-8
498,-8
499,-8
500,-8
501,-8
502,-8
503,-8
504,-8
505,-8
506,-8
507,-8
508,-8
509,-8
510,-8
511,-8
512,-8
513,-8
514,-8
515,-8
516,-8
517,-8
518,-8
519,-8
520,-8
521,-8
522,-8
523,-8
524,-8
525,-8
526,-8
527,-8
528,-8
529,-8
530,-8
531,-8
532,-8
533,-8
534,-8
535,-8
536,-8
537,-8
538,-8
539,-8
540,-8
541,-8
542,-8
543,-8
544,-8
545,-8
546,-8
547,-8
548,-8
549,-8
550,-8
551,-8
552,-8
553,-8
554,-8
555,-8
556,-8
557,-8
558,-8
559,-8
560,-8
561,-8
562,-8
563,-6
564,-6
565,-6
566,-6
567,-6
568,-6
569,-6
570,-6
571,-6
572,-6
573,-6
574,-6
575,-6
576,-6
577,-6
578,-6
579,-6
580,-6
581,-6
582,-6
583,-6
584,-6
585,-6
586,-6
587,-6
588,-6
589,-6
590,-6
591,-6
592,-6
593,-6
594,-6
595,-6
596,-6
597,-6
598,-6
599,-6
600,-6
601,-6
602,-6
603,-6
604,-6
605,-6
606,-6
607,-6
608,-6
609,-6
610,-6
611,-6
612,-6
613,-6
614,-6
615,-6
616,-6
617,-6
618,-6
619,-6
620,-6
621,-6
622,-6
623,-6
624,-6
625,-6
626,-6
627,-6
628,-6
629,-6
630,-6
631,-6
632,-6
633,-6
634,-6
635,-6
636,-6
637,-6
638,-6
639,-6
640,-6
641,-6
642,-6
643,-6
644,-6
645,-6
646,-6
647,-6
648,-6
649,-6
650,-6
651,-6
652,-6
653,-6
654,-6
655,-6
656,-6
657,-6
658,-6
659,-6
660,-6
661,-6
662,-6
663,-6
664,-6
665,-6
666,-6
667,-6
668,-6
669,-6
670,-6
671,-6
672,-6
673,-6
674,-6
675,-6
676,-6
677,-6
678,-6
679,-6
680,-6
681,-6
682,-6
683,-6
684,-6
685,-6
686,-6
687,-6
688,-6
689,-6
690,-6
691,-6
692,-6
693,-6
694,-6
695,-6
696,-6
697,-6
698,-6
699,-6
700,-6
701,-6
702,-6
703,-6
704,-6
705,-6
706,-6
707,-6
708,-6
709,-6
710,-6
711,-6
712,-6
713,-6
714,-6
715,-6
716,-6
717,-6
718,-6
719,-6
720,-6
721,-6
722,-6
723,-6
724,-6
725,-6
726,-6
727,-6
728,-6
729,-6
730,-6
731,-6
732,-6
733,-6
734,-6
735,-6
736,-6
737,-6
738,-6
739,-6
740,-6
741,-6
742,-6
743,-6
744,-6
745,-6
746,-6
747,-6
748,-6
749,-6
750,-6
751,-6
752,-6
753,-6
754,-6
755,-6
756,-6
757,-6
758,-6
759,-6
760,-6
761,-6
762,-6
763,-6
764,-6
765,-6
766,-6
767,-6
768,-6
769,-6
770,-6
771,-6
772,-6
773,-6
774,-6
775,-6
776,-6
777,-6
778,-6
779,-6
780,-6
781,-6
782,-6
783,-6
784,-6
785,-6
786,-6
787,-6
788,-6
789,-6
790,-6
791,-6
792,-6
793,-6
794,-6
795,-6
796,-6
797,-6
798,-6
799,-6
800,-6
801,-6
802,-6
803,-6
804,-6
805,-6
806,-6
807,-6
808,-6
809,-6
810,-6
811,-6
812,-6
813,-6
814,-6
815,-6
816,-6
817,-6
818,-6
819,-6
820,-6
821,-6
822,-6
823,-6
824,-6
825,-6
826,-6
827,-6
828,-6
829,-6
830,-6
831,-6
832,-6
833,-6
834,-6
835,-6
836,-6
837,-6
838,-6
839,-6
840,-6
841,-6
842,-6
843,-6
844,-6
845,-6
846,-6
847,-6
848,-6
849,-6
850,-6
851,-6
852,-6
853,-6
854,-6
855,-6
856,-6
857,-6
858,-6
859,-6
860,-6
861,-6
862,-6
863,-6
864,-6
865,-6
866,-6
867,-6
868,-6
869,-6
870,-6
871,-6
872,-6
873,-6
874,-6
875,-6
876,-6
877,-6
878,-6
879,-6
880,-6
881,-6
882,-6
883,-6
884,-6
885,-6
886,-6
887,-6
888,-6
889,-6
890,-6
891,-6
892,-6
893,-6
894,-6
895,-6
896,-6
897,-6
898,-6
899,-6
900,-6
901,-6
902,-6
903,-6
904,-6
905,-6
906,-6
907,-6
908,-6
909,-6
910,-6
911,-6
912,-6
913,-6
914,-6
915,-6
916,-6
917,-6
918,-6
919,-6
920,-6
921,-6
922,-6
923,-6
924,-6
925,-6
926,-6
927,-6
928,-6
929,-6
930,-6
931,-6
932,-6
933,-6
934,-6
935,-6
936,-6
937,-6
938,-6
939,-6
940,-6
941,-6
942,-6
943,-6
944,-6
945,-6
946,-6
947,-6
948,-6
949,-6
950,-6
951,-6
952,-6
953,-6
954,-6
955,-6
956,-6
957,-6
958,-6
959,-6
960,-6
961,-6
962,-6
963,-6
964,-6
965,-6
966,-6
967,-6
968,-6
969,-6
970,-6
971,-6
972,-6
973,-6
974,-6
975,-6
976,-6
977,-6
978,-6
979,-6
980,-6
981,-6
982,-6
983,-6
984,-6
985,-6
986,-6
987,-6
988,-6
989,-6
990,-6
991,-6
992,-6
993,-6
994,-6
995,-6
996,-6
997,-6
998,-6
999,-6
1000,-6
1001,-6
1002,-6
1003,-6
1004,-6
1005,-6
1006,-6
1007,-6
1008,-6
1009,-6
1010,-6
1011,-6
1012,-6
1013,-6
1014,-6
1015,-6
1016,-6
1017,-6
1018,-6
1019,-6
1020,-6
1021,-6
1022,-6
1023,-6
1024,-6
1025,-6
1026,-6
1027,-6
1028,-6
1029,-6
1030,-6
1031,-6
1032,-6
1033,-6
1034,-6
1035,-6
1036,-6
1037,-6
1038,-6
1039,-6
1040,-6
1041,-6
1042,-6
1043,-6
1044,-6
1045,-6
1046,-6
1047,-6
1048,-6
1049,-6
1050,-6
1051,-6
1052,-6
1053,-6
1054,-6
1055,-6
1056,-6
1057,-6
1058,-6
1059,-6
1060,-6
1061,-6
1062,-6
1063,-6
1064,-6
1065,-6
1066,-6
1067,-6
1068,-6
1069,-6
1070,-6
1071,-6
1072,-6
1073,-6
1074,-6
1075,-6
1076,-6
1077,-6
1078,-6
1079,-6
1080,-6
1081,-6
1082,-6
1083,-6
1084,-6
1085,-6
1086,-6
1087,-6
1088,-6
1089,-6
1090,-6
1091,-6
1092,-6
1093,-6
1094,-6
1095,-6
1096,-6
1097,-6
1098,-6
1099,-6
1100,-6
1101,-6
1102,-6
1103,-6
1104,-6
1105,-6
1106,-6
1107,-6
1108,-6
1109,-6
1110,-6
1111,-6
1112,-6
1113,-6
1114,-6
1115,-6
1116,-6
1117,-6
1118,-6
1119,-6
1120,-6
1121,-6
1122,-6
1123,-6
1124,-6
1125,-6
1126,-6
1127,-6
1128,-6
1129,-6
1130,-6
1131,-6
1132,-6
1133,-6
1134,-6
1135,-6
1136,-6
1137,-6
1138,-6
1139,-6
1140,-6
1141,-6
1142,-6
1143,-6
1144,-6
1145,-6
1146,-6
1147,-6
1148,-6
1149,-6
1150,-6
1151,-6
1152,-6
1153,-6
1154,-6
1155,-6
1156,-6
1157,-6
1158,-6
1159,-6
1160,-6
1161,-6
1162,-6
1163,-6
1164,-6
1165,-6
1166,-6
1167,-6
1168,-6
1169,-6
1170,-6
1171,-6
1172,-6
1173,-6
1174,-6
1175,-6
1176,-6
1177,-6
1178,-6
1179,-6
1180,-6
1181,-6
1182,-6
1183,-6
1184,-6
1185,-6
1186,-6
1187,-6
1188,-6
1189,-6
1190,-6
1191,-6
1192,-6
1193,-6
1194,-6
1195,-6
1196,-6
1197,-6
1198,-6
1199,-6
1200,-6
1201,-6
1202,-6
1203,-6
1204,-6
1205,-6
1206,-6
1207,-6
1208,-6
1209,-6
1210,-6
1211,-6
1212,-6
1213,-6
1214,-6
1215,-6
1216,-6
1217,-6
1218,-6
1219,-6
1220,-6
1221,-6
1222,-6
1223,-6
1224,-6
1225,-6
1226,-6
1227,-6
1228,-6
1229,-6
1230,-6
1231,-6
1232,-6
1233,-6
1234,-6
1235,-6
1236,-6
1237,-6
1238,-6
1239,-6
1240,-6
1241,-6
1242,-6
1243,-6
1244,-6
1245,-6
1246,-6
1247,-6
1248,-6
1249,-6
1250,-6
1251,-6
1252,-6
1253,-6
1254,-6
1255,-6
1256,-6
1257,-6
1258,-6
1259,-6
1260,-6
1261,-6
1262,-6
1263,-6
1264,-6
1265,-6
1266,-6
1267,-6
1268,-6
1269,-6
1270,-6
1271,-6
1272,-6
1273,-6
1274,-6
1275,-6
1276,-6
1277,-6
1278,-6
1279,-6
1280,-6
1281,-6
1282,-6
1283,-6
1284,-6
1285,-6
1286,-6
1287,-6
1288,-6
1289,-6
1290,-6
1291,-6
1292,-6
1293,-6
1294,-6
1295,-6
1296,-6
1297,-6
1298,-6
1299,-6
1300,-6
1301,-6
1302,-6
1303,-6
1304,-6
1305,-6
1306,-6
1307,-6
1308,-6
1309,-6
1310,-6
1311,-6
1312,-6
1313,-6
1314,-6
1315,-6
1316,-6
1317,-6
1318,-6
1319,-6
1320,-6
1321,-4
1322,-4
1323,-4
1324,-4
1325,-4
1326,-4
1327,-4
1328,-4
1329,-4
1330,-4
1331,-4
1332,-4
1333,-4
1334,-4
1335,-4
1336,-4
1337,-4
1338,-4
1339,-4
1340,-4
1341,-4
1342,-4
1343,-4
1344,-4
1345,-4
1346,-4
1347,-4
1348,-4
1349,-4
1350,-4
1351,-4
1352,-4
1353,-4
1354,-4
1355,-4
1356,-4
1357,-4
1358,-4
1359,-4
1360,-4
1361,-4
1362,-4
1363,-4
1364,-4
1365,-4
1366,-4
1367,-4
1368,-4
1369,-4
1370,-4
1371,-4
1372,-4
1373,-4
1374,-4
1375,-4
1376,-4
1377,-4
1378,-4
1379,-4
1380,-4
1381,-4
1382,-4
1383,-4
1384,-4
1385,-4
1386,-4
1387,-4
1388,-4
1389,-4
1390,-4
1391,-4
1392,-4
1393,-4
1394,-4
1395,-4
1396,-4
1397,-4
1398,-4
1399,-4
1400,-4
1401,-4
1402,-4
1403,-4
1404,-4
1405,-4
1406,-4
1407,-4
1408,-4
1409,-4
1410,-4
1411,-4
1412,-4
1413,-4
1414,-4
1415,-4
1416,-4
1417,-4
1418,-4
1419,-4
1420,-4
1421,-4
1422,-4
1423,-4
1424,-4
1425,-4
1426,-4
1427,-4
1428,-4
1429,-4
1430,-4
1431,-4
1432,-4
1433,-4
1434,-4
1435,-4
1436,-4
1437,-4
1438,-4
1439,-4
1440,-4
1441,-4
1442,-4
1443,-4
1444,-4
1445,-4
1446,-4
1447,-4
1448,-4
1449,-4
1450,-4
1451,-4
1452,-4
1453,-4
1454,-4
1455,-4
1456,-4
1457,-4
1458,-4
1459,-4
1460,-4
1461,-4
1462,-4
1463,-4
1464,-4
1465,-4
1466,-4
1467,-4
1468,-4
1469,-4
1470,-4
1471,-4
1472,-4
1473,-4
1474,-4
1475,-4
1476,-4
1477,-4
1478,-4
1479,-4
1480,-4
1481,-4
1482,-4
1483,-4
1484,-4
1485,-4
1486,-4
1487,-4
1488,-4
1489,-4
1490,-4
1491,-4
1492,-4
1493,-4
1494,-4
1495,-4
1496,-4
1497,-4
1498,-4
1499,-4
1500,-4
1501,-4
1502,-4
1503,-4
1504,-4
1505,-4
1506,-4
1507,-4
1508,-4
1509,-4
1510,-4
1511,-4
1512,-4
1513,-4
1514,-4
1515,-4
1516,-4
1517,-4
1518,-4
1519,-4
1520,-4
1521,-4
1522,-4
1523,-4
1524,-4
1525,-4
1526,-4
1527,-4
1528,-4
1529,-4
1530,-4
1531,-4
1532,-4
1533,-4
1534,-4
1535,-4
1536,-4
1537,-4
1538,-4
1539,-4
1540,-4
1541,-4
1542,-4
1543,-4
1544,-4
1545,-4
1546,-4
1547,-4
1548,-4
1549,-4
1550,-4
1551,-4
1552,-4
1553,-4
1554,-4
1555,-4
1556,-4
1557,-4
1558,-4
1559,-4
1560,-4
1561,-4
1562,-4
1563,-4
1564,-4
1565,-4
1566,-4
1567,-4
1568,-4
1569,-4
1570,-4
1571,-4
1572,-4
1573,-4
1574,-4
1575,-4
1576,-4
1577,-4
1578,-4
1579,-4
1580,-4
1581,-4
1582,-4
1583,-4
1584,-4
1585,-4
1586,-4
1587,-4
1588,-4
1589,-4
1590,-4
1591,-4
1592,-4
1593,-4
1594,-4
1595,-4
1596,-4
1597,-4
1598,-4
1599,-4
1600,-4
1601,-4
1602,-4
1603,-4
1604,-4
1605,-4
1606,-4
1607,-4
1608,-4
1609,-4
1610,-4
1611,-4
1612,-4
1613,-4
1614,-4
1615,-4
1616,-4
1617,-4
1618,-4
1619,-4
1620,-4
1621,-4
1622,-4
1623,-4
1624,-4
1625,-4
1626,-4
1627,-4
1628,-4
1629,-4
1630,-4
1631,-4
1632,-4
1633,-4
1634,-4
1635,-4
1636,-4
1637,-4
1638,-4
1639,-4
1640,-4
1641,-4
1642,-4
1643,-4
1644,-4
1645,-4
1646,-4
1647,-4
1648,-4
1649,-4
1650,-4
1651,-4
1652,-4
1653,-4
1654,-4
1655,-4
1656,-4
1657,-4
1658,-4
1659,-4
1660,-4
1661,-4
1662,-4
1663,-4
1664,-4
1665,-4
1666,-4
1667,-4
1668,-4
1669,-4
1670,-4
1671,-4
1672,-4
1673,-4
1674,-4
1675,-4
1676,-4
1677,-4
1678,-4
1679,-4
1680,-4
1681,-4
1682,-4
1683,-4
1684,-4
1685,-4
1686,-4
1687,-4
1688,-4
1689,-4
1690,-4
1691,-4
1692,-4
1693,-4
1694,-4
1695,-4
1696,-4
1697,-4
1698,-4
1699,-4
1700,-4
1701,-4
1702,-4
1703,-4
1704,-4
1705,-4
1706,-4
1707,-4
1708,-4
1709,-4
1710,-4
1711,-4
1712,-4
1713,-4
1714,-4
1715,-4
1716,-4
1717,-4
1718,-4
1719,-4
1720,-4
1721,-4
1722,-4
1723,-4
1724,-4
1725,-4
1726,-4
1727,-4
1728,-4
1729,-4
1730,-4
1731,-4
1732,-4
1733,-4
1734,-4
1735,-4
1736,-4
1737,-4
1738,-4
1739,-4
1740,-4
1741,-4
1742,-4
1743,-4
1744,-4
1745,-4
1746,-4
1747,-4
1748,-4
1749,-4
1750,-4
1751,-4
1752,-4
1753,-4
1754,-4
1755,-4
1756,-4
1757,-4
1758,-4
1759,-4
1760,-4
1761,-4
1762,-4
1763,-4
1764,-4
1765,-4
1766,-4
1767,-4
1768,-4
1769,-4
1770,-4
1771,-4
1772,-4
1773,-4
1774,-4
1775,-4
1776,-4
1777,-4
1778,-4
1779,-4
1780,-4
1781,-4
1782,-4
1783,-4
1784,-4
1785,-4
1786,-4
1787,-4
1788,-4
1789,-4
1790,-4
1791,-4
1792,-4
1793,-4
1794,-4
1795,-4
1796,-4
1797,-4
1798,-4
1799,-4
1800,-4
1801,-4
1802,-4
1803,-4
1804,-4
1805,-4
1806,-4
1807,-4
1808,-4
1809,-4
1810,-4
1811,-4
1812,-4
1813,-4
1814,-4
1815,-4
1816,-4
1817,-4
1818,-4
1819,-4
1820,-4
1821,-4
1822,-4
1823,-4
1824,-4
1825,-4
1826,-4
1827,-4
1828,-4
1829,-4
1830,-4
1831,-4
1832,-4
1833,-4
1834,-4
1835,-4
1836,-4
1837,-4
1838,-4
1839,-4
1840,-4
1841,-4
1842,-4
1843,-4
1844,-4
1845,-4
1846,-4
1847,-4
1848,-4
1849,-4
1850,-4
1851,-4
1852,-4
1853,-4
1854,-4
1855,-4
1856,-4
1857,-4
1858,-4
1859,-4
1860,-4
1861,-4
1862,-4
1863,-4
1864,-4
1865,-4
1866,-4
1867,-4
1868,-4
1869,-4
1870,-4
1871,-4
1872,-4
1873,-4
1874,-4
1875,-4
1876,-4
1877,-4
1878,-4
1879,-4
1880,-4
1881,-4
1882,-4
1883,-4
1884,-4
1885,-4
1886,-4
1887,-4
1888,-4
1889,-4
1890,-4
1891,-4
1892,-4
1893,-4
1894,-4
1895,-4
1896,-4
1897,-4
1898,-4
1899,-4
1900,-4
1901,-4
1902,-4
1903,-4
1904,-4
1905,-4
1906,-4
1907,-4
1908,-4
1909,-4
1910,-4
1911,-4
1912,-4
1913,-4
1914,-4
1915,-4
1916,-4
1917,-4
1918,-4
1919,-4
1920,-4
1921,-4
1922,-4
1923,-4
1924,-4
1925,-4
1926,-4
1927,-4
1928,-4
1929,-4
1930,-4
1931,-4
1932,-4
1933,-4
1934,-4
1935,-4
1936,-4
1937,-4
1938,-4
1939,-4
1940,-4
1941,-4
1942,-4
1943,-4
1944,-4
1945,-4
1946,-4
1947,-4
1948,-4
1949,-4
1950,-4
1951,-4
1952,-4
1953,-4
1954,-4
1955,-4
1956,-4
1957,-4
1958,-4
1959,-4
1960,-4
1961,-4
1962,-4
1963,-4
1964,-4
1965,-4
1966,-4
1967,-4
1968,-4
1969,-4
1970,-4
1971,-4
1972,-4
1973,-4
1974,-4
1975,-4
1976,-4
1977,-4
1978,-4
1979,-4
1980,-4
1981,-4
1982,-4
1983,-4
1984,-4
1985,-4
1986,-4
1987,-4
1988,-4
1989,-4
1990,-4
1991,-4
1992,-4
1993,-4
1994,-4
1995,-4
1996,-4
1997,-4
1998,-4
1999,-4
2000,-4
2001,-4
2002,-4
2003,-4
2004,-4
2005,-4
2006,-4
2007,-4
2008,-4
2009,-4
2010,-4
2011,-4
2012,-4
2013,-4
2014,-4
2015,-4
2016,-4
2017,-4
2018,-4
2019,-4
2020,-4
2021,-4
2022,-4
2023,-4
2024,-4
2025,-4
2026,-4
2027,-4
2028,-4
2029,-4
2030,-4
2031,-4
2032,-4
2033,-4
2034,-4
2035,-4
2036,-4
2037,-4
2038,-4
2039,-4
2040,-4
2041,-4
2042,-4
2043,-4
2044,-4
2045,-4
2046,-4
2047,-4
2048,-4
2049,-4
2050,-4
2051,-4
2052,-4
2053,-4
2054,-4
2055,-4
2056,-4
2057,-4
2058,-4
2059,-4
2060,-4
2061,-4
2062,-4
2063,-4
2064,-4
2065,-4
2066,-4
2067,-4
2068,-4
2069,-4
2070,-4
2071,-4
2072,-4
2073,-4
2074,-4
2075,-4
2076,-4
2077,-4
2078,-4
2079,-4
2080,-4
2081,-4
2082,-4
2083,-4
2084,-4
2085,-4
2086,-4
2087,-4
2088,-4
2089,-4
2090,-4
2091,-4
2092,-4
2093,-4
2094,-4
2095,-4
2096,-4
2097,-4
2098,-4
2099,-4
2100,-4
2101,-4
2102,-4
2103,-4
2104,-4
2105,-4
2106,-4
2107,-4
2108,-4
2109,-4
2110,-4
2111,-4
2112,-4
2113,-4
2114,-4
2115,-4
2116,-4
2117,-4
2118,-4
2119,-4
2120,-4
2121,-4
2122,-4
2123,-4
2124,-4
2125,-4
2126,-4
2127,-4
2128,-4
2129,-4
2130,-4
2131,-4
2132,-4
2133,-4
2134,-4
2135,-4
2136,-4
2137,-4
2138,-4
2139,-4
2140,-4
2141,-4
2142,-4
2143,-4
2144,-4
2145,-4
2146,-4
2147,-4
2148,-4
2149,-4
2150,-4
2151,-4
2152,-4
2153,-4
2154,-4
2155,-4
2156,-4
2157,-4
2158,-4
2159,-4
2160,-4
2161,-4
2162,-4
2163,-4
2164,-4
2165,-4
2166,-4
2167,-4
2168,-4
2169,-4
2170,-4
2171,-4
2172,-4
2173,-4
2174,-4
2175,-4
2176,-4
2177,-4
2178,-4
2179,-4
2180,-4
2181,-4
2182,-4
2183,-4
2184,-4
2185,-4
2186,-4
2187,-4
2188,-4
2189,-4
2190,-4
2191,-4
2192,-4
2193,-4
2194,-4
2195,-4
2196,-4
2197,-4
2198,-4
2199,-4
2200,-4
2201,-4
2202,-4
2203,-4
2204,-4
2205,-4
2206,-4
2207,-4
2208,-4
2209,-4
2210,-4
2211,-4
2212,-4
2213,-4
2214,-4
2215,-4
2216,-4
2217,-4
2218,-4
2219,-4
2220,-4
2221,-4
2222,-4
2223,-4
2224,-4
2225,-4
2226,-4
2227,-4
2228,-4
2229,-4
2230,-4
2231,-4
2232,-4
2233,-4
2234,-4
2235,-4
2236,-4
2237,-4
2238,-4
2239,-4
2240,-4
2241,-4
2242,-4
2243,-4
2244,-4
2245,-4
2246,-4
2247,-4
2248,-4
2249,-4
2250,-4
2251,-4
2252,-4
2253,-4
2254,-4
2255,-4
2256,-4
2257,-4
2258,-4
2259,-4
2260,-4
2261,-4
2262,-4
2263,-4
2264,-4
2265,-4
2266,-4
2267,-4
2268,-4
2269,-4
2270,-4
2271,-4
2272,-4
2273,-4
2274,-4
2275,-4
2276,-4
2277,-4
2278,-4
2279,-4
2280,-4
2281,-4
2282,-4
2283,-4
2284,-4
2285,-4
2286,-4
2287,-4
2288,-4
2289,-4
2290,-4
2291,-4
2292,-4
2293,-4
2294,-4
2295,-4
2296,-4
2297,-4
2298,-4
2299,-4
2300,-4
2301,-4
2302,-4
2303,-4
2304,-4
2305,-4
2306,-4
2307,-4
2308,-4
2309,-4
2310,-4
2311,-4
2312,-4
2313,-4
2314,-4
2315,-4
2316,-4
2317,-4
2318,-4
2319,-4
2320,-4
2321,-4
2322,-4
2323,-4
2324,-4
2325,-4
2326,-4
2327,-4
2328,-4
2329,-4
2330,-4
2331,-4
2332,-4
2333,-4
2334,-4
2335,-4
2336,-4
2337,-4
2338,-4
2339,-4
2340,-4
2341,-4
2342,-4
2343,-4
2344,-4
2345,-4
2346,-4
2347,-4
2348,-4
2349,-4
2350,-4
2351,-4
2352,-4
2353,-4
2354,-4
2355,-4
2356,-4
2357,-4
2358,-4
2359,-4
2360,-4
2361,-4
2362,-4
2363,-4
2364,-4
2365,-4
2366,-4
2367,-4
2368,-4
2369,-4
2370,-4
2371,-4
2372,-4
2373,-4
2374,-4
2375,-4
2376,-4
2377,-4
2378,-4
2379,-4
2380,-4
2381,-4
2382,-4
2383,-4
2384,-4
2385,-4
2386,-4
2387,-4
2388,-4
2389,-4
2390,-4
2391,-4
2392,-4
2393,-4
2394,-4
2395,-4
2396,-4
2397,-4
2398,-4
2399,-4
2400,-4
2401,-4
2402,-4
2403,-4
2404,-4
2405,-4
2406,-4
2407,-4
2408,-4
2409,-4
2410,-4
2411,-4
2412,-4
2413,-4
2414,-4
2415,-4
2416,-4
2417,-4
2418,-4
2419,-4
2420,-4
2421,-4
2422,-4
2423,-4
2424,-4
2425,-4
2426,-4
2427,-4
2428,-4
2429,-4
2430,-4
2431,-4
2432,-4
2433,-4
2434,-4
2435,-4
2436,-4
2437,-4
2438,-4
2439,-4
2440,-4
2441,-4
2442,-4
2443,-4
2444,-4
2445,-4
2446,-4
2447,-4
2448,-4
2449,-4
2450,-4
2451,-4
2452,-4
2453,-4
2454,-4
2455,-4
2456,-4
2457,-4
2458,-4
2459,-4
2460,-4
2461,-4
2462,-4
2463,-4
2464,-4
2465,-4
2466,-4
2467,-4
2468,-4
2469,-4
2470,-4
2471,-4
2472,-4
2473,-4
2474,-4
2475,-4
2476,-4
2477,-4
2478,-4
2479,-4
2480,-4
2481,-4
2482,-4
2483,-4
2484,-4
2485,-4
2486,-4
2487,-4
2488,-4
2489,-4
2490,-4
2491,-4
2492,-4
2493,-4
2494,-4
2495,-4
2496,-4
2497,-4
2498,-4
2499,-4
2500,-4
2501,-4
2502,-4
2503,-4
2504,-4
2505,-4
2506,-4
2507,-4
2508,-4
2509,-4
2510,-4
2511,-4
2512,-4
2513,-4
2514,-4
2515,-4
2516,-4
2517,-4
2518,-4
2519,-4
2520,-4
2521,-4
2522,-4
2523,-4
2524,-4
2525,-4
2526,-4
2527,-4
2528,-4
2529,-4
2530,-4
2531,-4
2532,-4
2533,-4
2534,-4
2535,-4
2536,-4
2537,-4
2538,-4
2539,-4
2540,-4
2541,-4
2542,-4
2543,-4
2544,-4
2545,-4
2546,-4
2547,-4
2548,-4
2549,-4
2550,-4
2551,-4
2552,-4
2553,-4
2554,-4
2555,-4
2556,-4
2557,-2
2558,-2
2559,-2
2560,-2
2561,-2
2562,-2
2563,-2
2564,-2
2565,-2
2566,-2
2567,-2
2568,-2
2569,-2
2570,-2
2571,-2
2572,-2
2573,-2
2574,-2
2575,-2
2576,-2
2577,-2
2578,-2
2579,-2
2580,-2
2581,-2
2582,-2
2583,-2
2584,-2
2585,-2
2586,-2
2587,-2
2588,-2
2589,-2
2590,-2
2591,-2
2592,-2
2593,-2
2594,-2
2595,-2
2596,-2
2597,-2
2598,-2
2599,-2
2600,-2
2601,-2
2602,-2
2603,-2
2604,-2
2605,-2
2606,-2
2607,-2
2608,-2
2609,-2
2610,-2
2611,-2
2612,-2
2613,-2
2614,-2
2615,-2
2616,-2
2617,-2
2618,-2
2619,-2
2620,-2
2621,-2
2622,-2
2623,-2
2624,-2
2625,-2
2626,-2
2627,-2
2628,-2
2629,-2
2630,-2
2631,-2
2632,-2
2633,-2
2634,-2
2635,-2
2636,-2
2637,-2
2638,-2
2639,-2
2640,-2
2641,-2
2642,-2
2643,-2
2644,-2
2645,-2
2646,-2
2647,-2
2648,-2
2649,-2
2650,-2
2651,-2
2652,-2
2653,-2
2654,-2
2655,-2
2656,-2
2657,-2
2658,-2
2659,-2
2660,-2
2661,-2
2662,-2
2663,-2
2664,-2
2665,-2
2666,-2
2667,-2
2668,-2
2669,-2
2670,-2
2671,-2
2672,-2
2673,-2
2674,-2
2675,-2
2676,-2
2677,-2
2678,-2
2679,-2
2680,-2
2681,-2
2682,-2
2683,-2
2684,-2
2685,-2
2686,-2
2687,-2
2688,-2
2689,-2
2690,-2
2691,-2
2692,-2
2693,-2
2694,-2
2695,-2
2696,-2
2697,-2
2698,-2
2699,-2
2700,-2
2701,-2
2702,-2
2703,-2
2704,-2
2705,-2
2706,-2
2707,-2
2708,-2
2709,-2
2710,-2
2711,-2
2712,-2
2713,-2
2714,-2
2715,-2
2716,-2
2717,-2
2718,-2
2719,-2
2720,-2
2721,-2
2722,-2
2723,-2
2724,-2
2725,-2
2726,-2
2727,-2
2728,-2
2729,-2
2730,-2
2731,-2
2732,-2
2733,-2
2734,-2
2735,-2
2736,-2
2737,-2
2738,-2
2739,-2
2740,-2
2741,-2
2742,-2
2743,-2
2744,-2
2745,-2
2746,-2
2747,-2
2748,-2
2749,-2
2750,-2
2751,-2
2752,-2
2753,-2
2754,-2
2755,-2
2756,-2
2757,-2
2758,-2
2759,-2
2760,-2
2761,-2
2762,-2
2763,-2
2764,-2
2765,-2
2766,-2
2767,-2
2768,-2
2769,-2
2770,-2
2771,-2
2772,-2
2773,-2
2774,-2
2775,-2
2776,-2
2777,-2
2778,-2
2779,-2
2780,-2
2781,-2
2782,-2
2783,-2
2784,-2
2785,-2
2786,-2
2787,-2
2788,-2
2789,-2
2790,-2
2791,-2
2792,-2
2793,-2
2794,-2
2795,-2
2796,-2
2797,-2
2798,-2
2799,-2
2800,-2
2801,-2
2802,-2
2803,-2
2804,-2
2805,-2
2806,-2
2807,-2
2808,-2
2809,-2
2810,-2
2811,-2
2812,-2
2813,-2
2814,-2
2815,-2
2816,-2
2817,-2
2818,-2
2819,-2
2820,-2
2821,-2
2822,-2
2823,-2
2824,-2
2825,-2
2826,-2
2827,-2
2828,-2
2829,-2
2830,-2
2831,-2
2832,-2
2833,-2
2834,-2
2835,-2
2836,-2
2837,-2
2838,-2
2839,-2
2840,-2
2841,-2
2842,-2
2843,-2
2844,-2
2845,-2
2846,-2
2847,-2
2848,-2
2849,-2
2850,-2
2851,-2
2852,-2
2853,-2
2854,-2
2855,-2
2856,-2
2857,-2
2858,-2
2859,-2
2860,-2
2861,-2
2862,-2
2863,-2
2864,-2
2865,-2
2866,-2
2867,-2
2868,-2
2869,-2
2870,-2
2871,-2
2872,-2
2873,-2
2874,-2
2875,-2
2876,-2
2877,-2
2878,-2
2879,-2
2880,-2
2881,-2
2882,-2
2883,-2
2884,-2
2885,-2
2886,-2
2887,-2
2888,-2
2889,-2
2890,-2
2891,-2
2892,-2
2893,-2
2894,-2
2895,-2
2896,-2
2897,-2
2898,-2
2899,-2
2900,-2
2901,-2
2902,-2
2903,-2
2904,-2
2905,-2
2906,-2
2907,-2
2908,-2
2909,-2
2910,-2
2911,-2
2912,-2
2913,-2
2914,-2
2915,-2
2916,-2
2917,-2
2918,-2
2919,-2
2920,-2
2921,-2
2922,-2
2923,-2
2924,-2
2925,-2
2926,-2
2927,-2
2928,-2
2929,-2
2930,-2
2931,-2
2932,-2
2933,-2
2934,-2
2935,-2
2936,-2
2937,-2
2938,-2
2939,-2
2940,-2
2941,-2
2942,-2
2943,-2
2944,-2
2945,-2
2946,-2
2947,-2
2948,-2
2949,-2
2950,-2
2951,-2
2952,-2
2953,-2
2954,-2
2955,-2
2956,-2
2957,-2
2958,-2
2959,-2
2960,-2
2961,-2
2962,-2
2963,-2
2964,-2
2965,-2
2966,-2
2967,-2
2968,-2
2969,-2
2970,-2
2971,-2
2972,-2
2973,-2
2974,-2
2975,-2
2976,-2
2977,-2
2978,-2
2979,-2
2980,-2
2981,-2
2982,-2
2983,-2
2984,-2
2985,-2
2986,-2
2987,-2
2988,-2
2989,-2
2990,-2
2991,-2
2992,-2
2993,-2
2994,-2
2995,-2
2996,-2
2997,-2
2998,-2
2999,-2
3000,-2
3001,-2
3002,-2
3003,-2
3004,-2
3005,-2
3006,-2
3007,-2
3008,-2
3009,-2
3010,-2
3011,-2
3012,-2
3013,-2
3014,-2
3015,-2
3016,-2
3017,-2
3018,-2
3019,-2
3020,-2
3021,-2
3022,-2
3023,-2
3024,-2
3025,-2
3026,-2
3027,-2
3028,-2
3029,-2
3030,-2
3031,-2
3032,-2
3033,-2
3034,-2
3035,-2
3036,-2
3037,-2
3038,-2
3039,-2
3040,-2
3041,-2
3042,-2
3043,-2
3044,-2
3045,-2
3046,-2
3047,-2
3048,-2
3049,-2
3050,-2
3051,-2
3052,-2
3053,-2
3054,-2
3055,-2
3056,-2
3057,-2
3058,-2
3059,-2
3060,-2
3061,-2
3062,-2
3063,-2
3064,-2
3065,-2
3066,-2
3067,-2
3068,-2
3069,-2
3070,-2
3071,-2
3072,-2
3073,-2
3074,-2
3075,-2
3076,-2
3077,-2
3078,-2
3079,-2
3080,-2
3081,-2
3082,-2
3083,-2
3084,-2
3085,-2
3086,-2
3087,-2
3088,-2
3089,-2
3090,-2
3091,-2
3092,-2
3093,-2
3094,-2
3095,-2
3096,-2
3097,-2
3098,-2
3099,-2
3100,-2
3101,-2
3102,-2
3103,-2
3104,-2
3105,-2
3106,-2
3107,-2
3108,-2
3109,-2
3110,-2
3111,-2
3112,-2
3113,-2
3114,-2
3115,-2
3116,-2
3117,-2
3118,-2
3119,-2
3120,-2
3121,-2
3122,-2
3123,-2
3124,-2
3125,-2
3126,-2
3127,-2
3128,-2
3129,-2
3130,-2
3131,-2
3132,-2
3133,-2
3134,-2
3135,-2
3136,-2
3137,-2
3138,-2
3139,-2
3140,-2
3141,-2
3142,-2
3143,-2
3144,-2
3145,-2
3146,-2
3147,-2
3148,-2
3149,-2
3150,-2
3151,-2
3152,-2
3153,-2
3154,-2
3155,-2
3156,-2
3157,-2
3158,-2
3159,-2
3160,-2
3161,-2
3162,-2
3163,-2
3164,-2
3165,-2
3166,-2
3167,-2
3168,-2
3169,-2
3170,-2
3171,-2
3172,-2
3173,-2
3174,-2
3175,-2
3176,-2
3177,-2
3178,-2
3179,-2
3180,-2
3181,-2
3182,-2
3183,-2
3184,-2
3185,-2
3186,-2
3187,-2
3188,-2
3189,-2
3190,-2
3191,-2
3192,-2
3193,-2
3194,-2
3195,-2
3196,-2
3197,-2
3198,-2
3199,-2
3200,-2
3201,-2
3202,-2
3203,-2
3204,-2
3205,-2
3206,-2
3207,-2
3208,-2
3209,-2
3210,-2
3211,-2
3212,-2
3213,-2
3214,-2
3215,-2
3216,-2
3217,-2
3218,-2
3219,-2
3220,-2
3221,-2
3222,-2
3223,-2
3224,-2
3225,-2
3226,-2
3227,-2
3228,-2
3229,-2
3230,-2
3231,-2
3232,-2
3233,-2
3234,-2
3235,-2
3236,-2
3237,-2
3238,-2
3239,-2
3240,-2
3241,-2
3242,-2
3243,-2
3244,-2
3245,-2
3246,-2
3247,-2
3248,-2
3249,-2
3250,-2
3251,-2
3252,-2
3253,-2
3254,-2
3255,-2
3256,-2
3257,-2
3258,-2
3259,-2
3260,-2
3261,-2
3262,-2
3263,-2
3264,-2
3265,-2
3266,-2
3267,-2
3268,-2
3269,-2
3270,-2
3271,-2
3272,-2
3273,-2
3274,-2
3275,-2
3276,-2
3277,-2
3278,-2
3279,-2
3280,-2
3281,-2
3282,-2
3283,-2
3284,-2
3285,-2
3286,-2
3287,-2
3288,-2
3289,-2
3290,-2
3291,-2
3292,-2
3293,-2
3294,-2
3295,-2
3296,-2
3297,-2
3298,-2
3299,-2
3300,-2
3301,-2
3302,-2
3303,-2
3304,-2
3305,-2
3306,-2
3307,-2
3308,-2
3309,-2
3310,-2
3311,-2
3312,-2
3313,-2
3314,-2
3315,-2
3316,-2
3317,-2
3318,-2
3319,-2
3320,-2
3321,-2
3322,-2
3323,-2
3324,-2
3325,-2
3326,-2
3327,-2
3328,-2
3329,-2
3330,-2
3331,-2
3332,-2
3333,-2
3334,-2
3335,-2
3336,-2
3337,-2
3338,-2
3339,-2
3340,-2
3341,-2
3342,-2
3343,-2
3344,-2
3345,-2
3346,-2
3347,-2
3348,-2
3349,-2
3350,-2
3351,-2
3352,-2
3353,-2
3354,-2
3355,-2
3356,-2
3357,-2
3358,-2
3359,-2
3360,-2
3361,-2
3362,-2
3363,-2
3364,-2
3365,-2
3366,-2
3367,-2
3368,-2
3369,-2
3370,-2
3371,-2
3372,-2
3373,-2
3374,-2
3375,-2
3376,-2
3377,-2
3378,-2
3379,-2
3380,-2
3381,-2
3382,-2
3383,-2
3384,-2
3385,-2
3386,-2
3387,-2
3388,-2
3389,-2
3390,-2
3391,-2
3392,-2
3393,-2
3394,-2
3395,-2
3396,-2
3397,-2
3398,-2
3399,-2
3400,-2
3401,-2
3402,-2
3403,-2
3404,-2
3405,-2
3406,-2
3407,-2
3408,-2
3409,-2
3410,-2
3411,-2
3412,-2
3413,-2
3414,-2
3415,-2
3416,-2
3417,-2
3418,-2
3419,-2
3420,-2
3421,-2
3422,-2
3423,-2
3424,-2
3425,-2
3426,-2
3427,-2
3428,-2
3429,-2
3430,-2
3431,-2
3432,-2
3433,-2
3434,-2
3435,-2
3436,-2
3437,-2
3438,-2
3439,-2
3440,-2
3441,-2
3442,-2
3443,-2
3444,-2
3445,-2
3446,-2
3447,-2
3448,-2
3449,-2
3450,-2
3451,-2
3452,-2
3453,-2
3454,-2
3455,-2
3456,-2
3457,-2
3458,-2
3459,-2
3460,-2
3461,-2
3462,-2
3463,-2
3464,-2
3465,-2
3466,-2
3467,-2
3468,-2
3469,-2
3470,-2
3471,-2
3472,-2
3473,-2
3474,-2
3475,-2
3476,-2
3477,-2
3478,-2
3479,-2
3480,-2
3481,-2
3482,-2
3483,-2
3484,-2
3485,-2
3486,-2
3487,-2
3488,-2
3489,-2
3490,-2
3491,-2
3492,-2
3493,-2
3494,-2
3495,-2
3496,-2
3497,-2
3498,-2
3499,-2
3500,-2
3501,-2
3502,-2
3503,-2
3504,-2
3505,-2
3506,-2
3507,-2
3508,-2
3509,-2
3510,-2
3511,-2
3512,-2
3513,-2
3514,-2
3515,-2
3516,-2
3517,-2
3518,-2
3519,-2
3520,-2
3521,-2
3522,-2
3523,-2
3524,-2
3525,-2
3526,-2
3527,-2
3528,-2
3529,-2
3530,-2
3531,-2
3532,-2
3533,-2
3534,-2
3535,-2
3536,-2
3537,-2
3538,-2
3539,-2
3540,-2
3541,-2
3542,-2
3543,-2
3544,-2
3545,-2
3546,-2
3547,-2
3548,-2
3549,-2
3550,-2
3551,-2
3552,-2
3553,-2
3554,-2
3555,-2
3556,-2
3557,-2
3558,-2
3559,-2
3560,-2
3561,-2
3562,-2
3563,-2
3564,-2
3565,-2
3566,-2
3567,-2
3568,-2
3569,-2
3570,-2
3571,-2
3572,-2
3573,-2
3574,-2
3575,-2
3576,-2
3577,-2
3578,-2
3579,-2
3580,-2
3581,-2
3582,-2
3583,-2
3584,-2
3585,-2
3586,-2
3587,-2
3588,-2
3589,-2
3590,-2
3591,-2
3592,-2
3593,-2
3594,-2
3595,-2
3596,-2
3597,-2
3598,-2
3599,-2
3600,-2
3601,-2
3602,-2
3603,-2
3604,-2
3605,-2
3606,-2
3607,-2
3608,-2
3609,-2
3610,-2
3611,-2
3612,-2
3613,-2
3614,-2
3615,-2
3616,-2
3617,-2
3618,-2
3619,-2
3620,-2
3621,-2
3622,-2
3623,-2
3624,-2
3625,-2
3626,-2
3627,-2
3628,-2
3629,-2
3630,-2
3631,-2
3632,-2
3633,-2
3634,-2
3635,-2
3636,-2
3637,-2
3638,-2
3639,-2
3640,-2
3641,-2
3642,-2
3643,-2
3644,-2
3645,-2
3646,-2
3647,-2
3648,-2
3649,-2
3650,-2
3651,-2
3652,-2
3653,-2
3654,-2
3655,-2
3656,-2
3657,-2
3658,-2
3659,-2
3660,-2
3661,-2
3662,-2
3663,-2
3664,-2
3665,-2
3666,-2
3667,-2
3668,-2
3669,-2
3670,-2
3671,-2
3672,-2
3673,-2
3674,-2
3675,-2
3676,-2
3677,-2
3678,-2
3679,-2
3680,-2
3681,-2
3682,-2
3683,-2
3684,-2
3685,-2
3686,-2
3687,-2
3688,-2
3689,-2
3690,-2
3691,-2
3692,-2
3693,-2
3694,-2
3695,-2
3696,-2
3697,-2
3698,-2
3699,-2
3700,-2
3701,-2
3702,-2
3703,-2
3704,-2
3705,-2
3706,-2
3707,-2
3708,-2
3709,-2
3710,-2
3711,-2
3712,-2
3713,-2
3714,-2
3715,-2
3716,-2
3717,-2
3718,-2
3719,-2
3720,-2
3721,-2
3722,-2
3723,-2
3724,-2
3725,-2
3726,-2
3727,-2
3728,-2
3729,-2
3730,-2
3731,-2
3732,-2
3733,-2
3734,-2
3735,-2
3736,-2
3737,-2
3738,-2
3739,-2
3740,-2
3741,-2
3742,-2
3743,-2
3744,-2
3745,-2
3746,-2
3747,-2
3748,-2
3749,-2
3750,-2
3751,-2
3752,-2
3753,-2
3754,-2
3755,-2
3756,-2
3757,-2
3758,-2
3759,-2
3760,-2
3761,-2
3762,-2
3763,-2
3764,-2
3765,-2
3766,-2
3767,-2
3768,-2
3769,-2
3770,-2
3771,-2
3772,-2
3773,-2
3774,-2
3775,-2
3776,-2
3777,-2
3778,-2
3779,-2
3780,-2
3781,-2
3782,-2
3783,-2
3784,-2
3785,-2
3786,-2
3787,-2
3788,-2
3789,-2
3790,-2
3791,-2
3792,-2
3793,-2
3794,-2
3795,-2
3796,-2
3797,-2
3798,-2
3799,-2
3800,-2
3801,-2
3802,-2
3803,-2
3804,-2
3805,-2
3806,-2
3807,-2
3808,-2
3809,-2
3810,-2
3811,-2
3812,-2
3813,-2
3814,-2
3815,-2
3816,-2
3817,-2
3818,-2
3819,-2
3820,-2
3821,-2
3822,-2
3823,-2
3824,-2
3825,-2
3826,-2
3827,-2
3828,-2
3829,-2
3830,-2
3831,-2
3832,-2
3833,-2
3834,-2
3835,-2
3836,-2
3837,-2
3838,-2
3839,-2
3840,-2
3841,-2
3842,-2
3843,-2
3844,-2
3845,-2
3846,-2
3847,-2
3848,-2
3849,-2
3850,-2
3851,-2
3852,-2
3853,-2
3854,-2
3855,-2
3856,-2
3857,-2
3858,-2
3859,-2
3860,-2
3861,-2
3862,-2
3863,-2
3864,-2
3865,-2
3866,-2
3867,-2
3868,-2
3869,-2
3870,-2
3871,-2
3872,-2
3873,-2
3874,-2
3875,-2
3876,-2
3877,-2
3878,-2
3879,-2
3880,-2
3881,-2
3882,-2
3883,-2
3884,-2
3885,-2
3886,-2
3887,-2
3888,-2
3889,-2
3890,-2
3891,-2
3892,-2
3893,-2
3894,-2
3895,-2
3896,-2
3897,-2
3898,-2
3899,-2
3900,-2
3901,-2
3902,-2
3903,-2
3904,-2
3905,-2
3906,-2
3907,-2
3908,-2
3909,-2
3910,-2
3911,-2
3912,-2
3913,-2
3914,-2
3915,-2
3916,-2
3917,-2
3918,-2
3919,-2
3920,-2
3921,-2
3922,-2
3923,-2
3924,-2
3925,-2
3926,-2
3927,-2
3928,-2
3929,-2
3930,-2
3931,-2
3932,-2
3933,-2
3934,-2
3935,-2
3936,-2
3937,-2
3938,-2
3939,-2
3940,-2
3941,-2
3942,-2
3943,-2
3944,-2
3945,-2
3946,-2
3947,-2
3948,-2
3949,-2
3950,-2
3951,-2
3952,-2
3953,-2
3954,-2
3955,-2
3956,-2
3957,-2
3958,-2
3959,-2
3960,-2
3961,-2
3962,-2
3963,-2
3964,-2
3965,-2
3966,-2
3967,-2
3968,-2
3969,-2
3970,-2
3971,-2
3972,-2
3973,-2
3974,-2
3975,-2
3976,-2
3977,-2
3978,-2
3979,-2
3980,-2
3981,-2
3982,-2
3983,-2
3984,-2
3985,-2
3986,-2
3987,-2
3988,-2
3989,-2
3990,-2
3991,-2
3992,-2
3993,-2
3994,-2
3995,-2
3996,-2
3997,-2
3998,-2
3999,-2
4000,-2
4001,-2
4002,-2
4003,-2
4004,-2
4005,-2
4006,-2
4007,-2
4008,-2
4009,-2
4010,-2
4011,-2
4012,-2
4013,-2
4014,-2
4015,-2
4016,-2
4017,-2
4018,-2
4019,-2
4020,-2
4021,-2
4022,-2
4023,-2
4024,-2
4025,-2
4026,-2
4027,-2
4028,-2
4029,-2
4030,-2
4031,-2
4032,-2
4033,-2
4034,-2
4035,-2
4036,-2
4037,-2
4038,-2
4039,-2
4040,-2
4041,-2
4042,-2
4043,-2
4044,-2
4045,-2
4046,-2
4047,-2
4048,-2
4049,-2
4050,-2
4051,-2
4052,-2
4053,-2
4054,-2
4055,-2
4056,-2
4057,-2
4058,-2
4059,-2
4060,-2
4061,-2
4062,-2
4063,-2
4064,-2
4065,-2
4066,-2
4067,-2
4068,-2
4069,-2
4070,-2
4071,-2
4072,-2
4073,-2
4074,-2
4075,-2
4076,-2
4077,-2
4078,-2
4079,-2
4080,-2
4081,-2
4082,-2
4083,-2
4084,-2
4085,-2
4086,-2
4087,-2
4088,-2
4089,-2
4090,-2
4091,-2
4092,-2
4093,-2
4094,-2
4095,-2
4096,-2
4097,-2
4098,-2
4099,-2
4100,-2
4101,-2
4102,-2
4103,-2
4104,-2
4105,-2
4106,-2
4107,-2
4108,-2
4109,-2
4110,-2
4111,-2
4112,-2
4113,-2
4114,-2
4115,-2
4116,-2
4117,-2
4118,-2
4119,-2
4120,-2
4121,-2
4122,-2
4123,-2
4124,-2
4125,-2
4126,-2
4127,-2
4128,-2
4129,-2
4130,-2
4131,-2
4132,-2
4133,-2
4134,-2
4135,-2
4136,-2
4137,-2
4138,-2
4139,-2
4140,-2
4141,-2
4142,-2
4143,-2
4144,-2
4145,-2
4146,-2
4147,-2
4148,-2
4149,-2
4150,-2
4151,-2
4152,-2
4153,-2
4154,-2
4155,-2
4156,-2
4157,-2
4158,-2
4159,-2
4160,-2
4161,-2
4162,-2
4163,-2
4164,-2
4165,-2
4166,-2
4167,-2
4168,-2
4169,-2
4170,-2
4171,-2
4172,-2
4173,-2
4174,-2
4175,-2
4176,-2
4177,-2
4178,-2
4179,-2
4180,-2
4181,-2
4182,-2
4183,-2
4184,-2
4185,-2
4186,-2
4187,-2
4188,-2
4189,-2
4190,-2
4191,-2
4192,-2
4193,0
4194,0
4195,0
4196,0
4197,0
4198,0
4199,0
4200,0
4201,0
4202,0
4203,0
4204,0
4205,0
4206,0
4207,0
4208,0
4209,0
4210,0
4211,0
4212,0
4213,0
4214,0
4215,0
4216,0
4217,0
4218,0
4219,0
4220,0
4221,0
4222,0
4223,0
4224,0
4225,0
4226,0
4227,0
4228,0
4229,0
4230,0
4231,0
4232,0
4233,0
4234,0
4235,0
4236,0
4237,0
4238,0
4239,0
4240,0
4241,0
4242,0
4243,0
4244,0
4245,0
4246,0
4247,0
4248,0
4249,0
4250,0
4251,0
4252,0
4253,0
4254,0
4255,0
4256,0
4257,0
4258,0
4259,0
4260,0
4261,0
4262,0
4263,0
4264,0
4265,0
4266,0
4267,0
4268,0
4269,0
4270,0
4271,0
4272,0
4273,0
4274,0
4275,0
4276,0
4277,0
4278,0
4279,0
4280,0
4281,0
4282,0
4283,0
4284,0
4285,0
4286,0
4287,0
4288,0
4289,0
4290,0
4291,0
4292,0
4293,0
4294,0
4295,0
4296,0
4297,0
4298,0
4299,0
4300,0
4301,0
4302,0
4303,0
4304,0
4305,0
4306,0
4307,0
4308,0
4309,0
4310,0
4311,0
4312,0
4313,0
4314,0
4315,0
4316,0
4317,0
4318,0
4319,0
4320,0
4321,0
4322,0
4323,0
4324,0
4325,0
4326,0
4327,0
4328,0
4329,0
4330,0
4331,0
4332,0
4333,0
4334,0
4335,0
4336,0
4337,0
4338,0
4339,0
4340,0
4341,0
4342,0
4343,0
4344,0
4345,0
4346,0
4347,0
4348,0
4349,0
4350,0
4351,0
4352,0
4353,0
4354,0
4355,0
4356,0
4357,0
4358,0
4359,0
4360,0
4361,0
4362,0
4363,0
4364,0
4365,0
4366,0
4367,0
4368,0
4369,0
4370,0
4371,0
4372,0
4373,0
4374,0
4375,0
4376,0
4377,0
4378,0
4379,0
4380,0
4381,0
4382,0
4383,0
4384,0
4385,0
4386,0
4387,0
4388,0
4389,0
4390,0
4391,0
4392,0
4393,0
4394,0
4395,0
4396,0
4397,0
4398,0
4399,0
4400,0
4401,0
4402,0
4403,0
4404,0
4405,0
4406,0
4407,0
4408,0
4409,0
4410,0
4411,0
4412,0
4413,0
4414,0
4415,0
4416,0
4417,0
4418,0
4419,0
4420,0
4421,0
4422,0
4423,0
4424,0
4425,0
4426,0
4427,0
4428,0
4429,0
4430,0
4431,0
4432,0
4433,0
4434,0
4435,0
4436,0
4437,0
4438,0
4439,0
4440,0
4441,0
4442,0
4443,0
4444,0
4445,0
4446,0
4447,0
4448,0
4449,0
4450,0
4451,0
4452,0
4453,0
4454,0
4455,0
4456,0
4457,0
4458,0
4459,0
4460,0
4461,0
4462,0
4463,0
4464,0
4465,0
4466,0
4467,0
4468,0
4469,0
4470,0
4471,0
4472,0
4473,0
4474,0
4475,0
4476,0
4477,0
4478,0
4479,0
4480,0
4481,0
4482,0
4483,0
4484,0
4485,0
4486,0
4487,0
4488,0
4489,0
4490,0
4491,0
4492,0
4493,0
4494,0
4495,0
4496,0
4497,0
4498,0
4499,0
4500,0
4501,0
4502,0
4503,0
4504,0
4505,0
4506,0
4507,0
4508,0
4509,0
4510,0
4511,0
4512,0
4513,0
4514,0
4515,0
4516,0
4517,0
4518,0
4519,0
4520,0
4521,0
4522,0
4523,0
4524,0
4525,0
4526,0
4527,0
4528,0
4529,0
4530,0
4531,0
4532,0
4533,0
4534,0
4535,0
4536,0
4537,0
4538,0
4539,0
4540,0
4541,0
4542,0
4543,0
4544,0
4545,0
4546,0
4547,0
4548,0
4549,0
4550,0
4551,0
4552,0
4553,0
4554,0
4555,0
4556,0
4557,0
4558,0
4559,0
4560,0
4561,0
4562,0
4563,0
4564,0
4565,0
4566,0
4567,0
4568,0
4569,0
4570,0
4571,0
4572,0
4573,0
4574,0
4575,0
4576,0
4577,0
4578,0
4579,0
4580,0
4581,0
4582,0
4583,0
4584,0
4585,0
4586,0
4587,0
4588,0
4589,0
4590,0
4591,0
4592,0
4593,0
4594,0
4595,0
4596,0
4597,0
4598,0
4599,0
4600,0
4601,0
4602,0
4603,0
4604,0
4605,0
4606,0
4607,0
4608,0
4609,0
4610,0
4611,0
4612,0
4613,0
4614,0
4615,0
4616,0
4617,0
4618,0
4619,0
4620,0
4621,0
4622,0
4623,0
4624,0
4625,0
4626,0
4627,0
4628,0
4629,0
4630,0
4631,0
4632,0
4633,0
4634,0
4635,0
4636,0
4637,0
4638,0
4639,0
4640,0
4641,0
4642,0
4643,0
4644,0
4645,0
4646,0
4647,0
4648,0
4649,0
4650,0
4651,0
4652,0
4653,0
4654,0
4655,0
4656,0
4657,0
4658,0
4659,0
4660,0
4661,0
4662,0
4663,0
4664,0
4665,0
4666,0
4667,0
4668,0
4669,0
4670,0
4671,0
4672,0
4673,0
4674,0
4675,0
4676,0
4677,0
4678,0
4679,0
4680,0
4681,0
4682,0
4683,0
4684,0
4685,0
4686,0
4687,0
4688,0
4689,0
4690,0
4691,0
4692,0
4693,0
4694,0
4695,0
4696,0
4697,0
4698,0
4699,0
4700,0
4701,0
4702,0
4703,0
4704,0
4705,0
4706,0
4707,0
4708,0
4709,0
4710,0
4711,0
4712,0
4713,0
4714,0
4715,0
4716,0
4717,0
4718,0
4719,0
4720,0
4721,0
4722,0
4723,0
4724,0
4725,0
4726,0
4727,0
4728,0
4729,0
4730,0
4731,0
4732,0
4733,0
4734,0
4735,0
4736,0
4737,0
4738,0
4739,0
4740,0
4741,0
4742,0
4743,0
4744,0
4745,0
4746,0
4747,0
4748,0
4749,0
4750,0
4751,0
4752,0
4753,0
4754,0
4755,0
4756,0
4757,0
4758,0
4759,0
4760,0
4761,0
4762,0
4763,0
4764,0
4765,0
4766,0
4767,0
4768,0
4769,0
4770,0
4771,0
4772,0
4773,0
4774,0
4775,0
4776,0
4777,0
4778,0
4779,0
4780,0
4781,0
4782,0
4783,0
4784,0
4785,0
4786,0
4787,0
4788,0
4789,0
4790,0
4791,0
4792,0
4793,0
4794,0
4795,0
4796,0
4797,0
4798,0
4799,0
4800,0
4801,0
4802,0
4803,0
4804,0
4805,0
4806,0
4807,0
4808,0
4809,0
4810,0
4811,0
4812,0
4813,0
4814,0
4815,0
4816,0
4817,0
4818,0
4819,0
4820,0
4821,0
4822,0
4823,0
4824,0
4825,0
4826,0
4827,0
4828,0
4829,0
4830,0
4831,0
4832,0
4833,0
4834,0
4835,0
4836,0
4837,0
4838,0
4839,0
4840,0
4841,0
4842,0
4843,0
4844,0
4845,0
4846,0
4847,0
4848,0
4849,0
4850,0
4851,0
4852,0
4853,0
4854,0
4855,0
4856,0
4857,0
4858,0
4859,0
4860,0
4861,0
4862,0
4863,0
4864,0
4865,0
4866,0
4867,0
4868,0
4869,0
4870,0
4871,0
4872,0
4873,0
4874,0
4875,0
4876,0
4877,0
4878,0
4879,0
4880,0
4881,0
4882,0
4883,0
4884,0
4885,0
4886,0
4887,0
4888,0
4889,0
4890,0
4891,0
4892,0
4893,0
4894,0
4895,0
4896,0
4897,0
4898,0
4899,0
4900,0
4901,0
4902,0
4903,0
4904,0
4905,0
4906,0
4907,0
4908,0
4909,0
4910,0
4911,0
4912,0
4913,0
4914,0
4915,0
4916,0
4917,0
4918,0
4919,0
4920,0
4921,0
4922,0
4923,0
4924,0
4925,0
4926,0
4927,0
4928,0
4929,0
4930,0
4931,0
4932,0
4933,0
4934,0
4935,0
4936,0
4937,0
4938,0
4939,0
4940,0
4941,0
4942,0
4943,0
4944,0
4945,0
4946,0
4947,0
4948,0
4949,0
4950,0
4951,0
4952,0
4953,0
4954,0
4955,0
4956,0
4957,0
4958,0
4959,0
4960,0
4961,0
4962,0
4963,0
4964,0
4965,0
4966,0
4967,0
4968,0
4969,0
4970,0
4971,0
4972,0
4973,0
4974,0
4975,0
4976,0
4977,0
4978,0
4979,0
4980,0
4981,0
4982,0
4983,0
4984,0
4985,0
4986,0
4987,0
4988,0
4989,0
4990,0
4991,0
4992,0
4993,0
4994,0
4995,0
4996,0
4997,0
4998,0
4999,0
5000,0
5001,0
5002,0
5003,0
5004,0
5005,0
5006,0
5007,0
5008,0
5009,0
5010,0
5011,0
5012,0
5013,0
5014,0
5015,0
5016,0
5017,0
5018,0
5019,0
5020,0
5021,0
5022,0
5023,0
5024,0
5025,0
5026,0
5027,0
5028,0
5029,0
5030,0
5031,0
5032,0
5033,0
5034,0
5035,0
5036,0
5037,0
5038,0
5039,0
5040,0
5041,0
5042,0
5043,0
5044,0
5045,0
5046,0
5047,0
5048,0
5049,0
5050,0
5051,0
5052,0
5053,0
5054,0
5055,0
5056,0
5057,0
5058,0
5059,0
5060,0
5061,0
5062,0
5063,0
5064,0
5065,0
5066,0
5067,0
5068,0
5069,0
5070,0
5071,0
5072,0
5073,0
5074,0
5075,0
5076,0
5077,0
5078,0
5079,0
5080,0
5081,0
5082,0
5083,0
5084,0
5085,0
5086,0
5087,0
5088,0
5089,0
5090,0
5091,0
5092,0
5093,0
5094,0
5095,0
5096,0
5097,0
5098,0
5099,0
5100,0
5101,0
5102,0
5103,0
5104,0
5105,0
5106,0
5107,0
5108,0
5109,0
5110,0
5111,0
5112,0
5113,0
5114,0
5115,0
5116,0
5117,0
5118,0
5119,0
5120,0
5121,0
5122,0
5123,0
5124,0
5125,0
5126,0
5127,0
5128,0
5129,0
5130,0
5131,0
5132,0
5133,0
5134,0
5135,0
5136,0
5137,0
5138,0
5139,0
5140,0
5141,0
5142,0
5143,0
5144,0
5145,0
5146,0
5147,0
5148,0
5149,0
5150,0
5151,0
5152,0
5153,0
5154,0
5155,0
5156,0
5157,0
5158,0
5159,0
5160,0
5161,0
5162,0
5163,0
5164,0
5165,0
5166,0
5167,0
5168,0
5169,0
5170,0
5171,0
5172,0
5173,0
5174,0
5175,0
5176,0
5177,0
5178,0
5179,0
5180,0
5181,0
5182,0
5183,0
5184,0
5185,0
5186,0
5187,0
5188,0
5189,0
5190,0
5191,0
5192,0
5193,0
5194,0
5195,0
5196,0
5197,0
5198,0
5199,0
5200,0
5201,0
5202,0
5203,0
5204,0
5205,0
5206,0
5207,0
5208,0
5209,0
5210,0
5211,0
5212,0
5213,0
5214,0
5215,0
5216,0
5217,0
5218,0
5219,0
5220,0
5221,0
5222,0
5223,0
5224,0
5225,0
5226,0
5227,0
5228,0
5229,0
5230,0
5231,0
5232,0
5233,0
5234,0
5235,0
5236,0
5237,0
5238,0
5239,0
5240,0
5241,0
5242,0
5243,0
5244,0
5245,0
5246,0
5247,0
5248,0
5249,0
5250,0
5251,0
5252,0
5253,0
5254,0
5255,0
5256,0
5257,0
5258,0
5259,0
5260,0
5261,0
5262,0
5263,0
5264,0
5265,0
5266,0
5267,0
5268,0
5269,0
5270,0
5271,0
5272,0
5273,0
5274,0
5275,0
5276,0
5277,0
5278,0
5279,0
5280,0
5281,0
5282,0
5283,0
5284,0
5285,0
5286,0
5287,0
5288,0
5289,0
5290,0
5291,0
5292,0
5293,0
5294,0
5295,0
5296,0
5297,0
5298,0
5299,0
5300,0
5301,0
5302,0
5303,0
5304,0
5305,0
5306,0
5307,0
5308,0
5309,0
5310,0
5311,0
5312,0
5313,0
5314,0
5315,0
5316,0
5317,0
5318,0
5319,0
5320,0
5321,0
5322,0
5323,0
5324,0
5325,0
5326,0
5327,0
5328,0
5329,0
5330,0
5331,0
5332,0
5333,0
5334,0
5335,0
5336,0
5337,0
5338,0
5339,0
5340,0
5341,0
5342,0
5343,0
5344,0
5345,0
5346,0
5347,0
5348,0
5349,0
5350,0
5351,0
5352,0
5353,0
5354,0
5355,0
5356,0
5357,0
5358,0
5359,0
5360,0
5361,0
5362,0
5363,0
5364,0
5365,0
5366,0
5367,0
5368,0
5369,0
5370,0
5371,0
5372,0
5373,0
5374,0
5375,0
5376,0
5377,0
5378,0
5379,0
5380,0
5381,0
5382,0
5383,0
5384,0
5385,0
5386,0
5387,0
5388,0
5389,0
5390,0
5391,0
5392,0
5393,0
5394,0
5395,0
5396,0
5397,0
5398,0
5399,0
5400,0
5401,0
5402,0
5403,0
5404,0
5405,0
5406,0
5407,0
5408,0
5409,0
5410,0
5411,0
5412,0
5413,0
5414,0
5415,0
5416,0
5417,0
5418,0
5419,0
5420,0
5421,0
5422,0
5423,0
5424,0
5425,0
5426,0
5427,0
5428,0
5429,0
5430,0
5431,0
5432,0
5433,0
5434,0
5435,0
5436,0
5437,0
5438,0
5439,0
5440,0
5441,0
5442,0
5443,0
5444,0
5445,0
5446,0
5447,0
5448,0
5449,0
5450,0
5451,0
5452,0
5453,0
5454,0
5455,0
5456,0
5457,0
5458,0
5459,0
5460,0
5461,0
5462,0
5463,0
5464,0
5465,0
5466,0
5467,0
5468,0
5469,0
5470,0
5471,0
5472,0
5473,0
5474,0
5475,0
5476,0
5477,0
5478,0
5479,0
5480,0
5481,0
5482,0
5483,0
5484,0
5485,0
5486,0
5487,0
5488,0
5489,0
5490,0
5491,0
5492,0
5493,0
5494,0
5495,0
5496,0
5497,0
5498,0
5499,0
5500,0
5501,0
5502,0
5503,0
5504,0
5505,0
5506,0
5507,0
5508,0
5509,0
5510,0
5511,0
5512,0
5513,0
5514,0
5515,0
5516,0
5517,0
5518,0
5519,0
5520,0
5521,0
5522,0
5523,0
5524,0
5525,0
5526,0
5527,0
5528,0
5529,0
5530,0
5531,0
5532,0
5533,0
5534,0
5535,0
5536,0
5537,0
5538,0
5539,0
5540,0
5541,0
5542,0
5543,0
5544,0
5545,0
5546,0
5547,0
5548,0
5549,0
5550,0
5551,0
5552,0
5553,0
5554,0
5555,0
5556,0
5557,0
5558,0
5559,0
5560,0
5561,0
5562,0
5563,0
5564,0
5565,0
5566,0
5567,0
5568,0
5569,0
5570,0
5571,0
5572,0
5573,0
5574,0
5575,0
5576,0
5577,0
5578,0
5579,0
5580,0
5581,0
5582,0
5583,0
5584,0
5585,0
5586,0
5587,0
5588,0
5589,0
5590,0
5591,0
5592,0
5593,0
5594,0
5595,0
5596,0
5597,0
5598,0
5599,0
5600,0
5601,0
5602,0
5603,0
5604,0
5605,0
5606,0
5607,0
5608,0
5609,0
5610,0
5611,0
5612,0
5613,0
5614,0
5615,0
5616,0
5617,0
5618,0
5619,0
5620,0
5621,0
5622,0
5623,0
5624,0
5625,0
5626,0
5627,0
5628,0
5629,0
5630,0
5631,0
5632,0
5633,0
5634,0
5635,0
5636,0
5637,0
5638,0
5639,0
5640,0
5641,0
5642,0
5643,0
5644,0
5645,0
5646,0
5647,0
5648,0
5649,0
5650,0
5651,0
5652,0
5653,0
5654,0
5655,0
5656,0
5657,0
5658,0
5659,0
5660,0
5661,0
5662,0
5663,0
5664,0
5665,0
5666,0
5667,0
5668,0
5669,0
5670,0
5671,0
5672,0
5673,0
5674,0
5675,0
5676,0
5677,0
5678,0
5679,0
5680,0
5681,0
5682,0
5683,0
5684,0
5685,0
5686,0
5687,0
5688,0
5689,0
5690,0
5691,0
5692,0
5693,0
5694,0
5695,0
5696,0
5697,0
5698,0
5699,0
5700,0
5701,0
5702,0
5703,0
5704,0
5705,0
5706,0
5707,0
5708,0
5709,0
5710,0
5711,0
5712,0
5713,0
5714,0
5715,0
5716,0
5717,0
5718,0
5719,0
5720,0
5721,0
5722,0
5723,0
5724,0
5725,0
5726,0
5727,0
5728,0
5729,0
5730,0
5731,0
5732,0
5733,0
5734,0
5735,0
5736,0
5737,0
5738,0
5739,0
5740,0
5741,0
5742,0
5743,0
5744,0
5745,0
5746,0
5747,0
5748,0
5749,0
5750,0
5751,0
5752,0
5753,0
5754,0
5755,0
5756,0
5757,0
5758,0
5759,0
5760,0
5761,0
5762,0
5763,0
5764,0
5765,0
5766,0
5767,0
5768,0
5769,0
5770,0
5771,0
5772,0
5773,0
5774,0
5775,0
5776,0
5777,0
5778,0
5779,0
5780,0
5781,0
5782,0
5783,0
5784,0
5785,0
5786,0
5787,0
5788,0
5789,0
5790,0
5791,0
5792,0
5793,0
5794,0
5795,0
5796,0
5797,0
5798,0
5799,0
5800,0
5801,0
5802,0
5803,0
5804,0
5805,0
5806,0
5807,0
5808,0
5809,0
5810,0
5811,0
5812,0
5813,0
5814,0
5815,0
5816,0
5817,0
5818,0
5819,0
5820,0
5821,0
5822,0
5823,0
5824,0
5825,0
5826,0
5827,0
5828,0
5829,0
5830,0
5831,0
5832,0
5833,0
5834,0
5835,0
5836,0
5837,0
5838,0
5839,0
5840,0
5841,0
5842,0
5843,0
5844,0
5845,0
5846,0
5847,0
5848,0
5849,0
5850,0
5851,0
5852,0
5853,0
5854,0
5855,0
5856,0
5857,0
5858,0
5859,0
5860,0
5861,0
5862,0
5863,0
5864,0
5865,0
5866,0
5867,0
5868,0
5869,0
5870,0
5871,0
5872,0
5873,0
5874,0
5875,0
5876,0
5877,0
5878,0
5879,0
5880,0
5881,0
5882,0
5883,0
5884,0
5885,0
5886,0
5887,0
5888,0
5889,0
5890,0
5891,0
5892,0
5893,0
5894,0
5895,0
5896,0
5897,0
5898,0
5899,0
5900,0
5901,0
5902,0
5903,0
5904,0
5905,0
5906,0
5907,0
5908,0
5909,0
5910,0
5911,0
5912,0
5913,0
5914,0
5915,0
5916,0
5917,0
5918,0
5919,0
5920,0
5921,0
5922,0
5923,0
5924,0
5925,0
5926,0
5927,0
5928,2
5929,2
5930,2
5931,2
5932,2
5933,2
5934,2
5935,2
5936,2
5937,2
5938,2
5939,2
5940,2
5941,2
5942,2
5943,2
5944,2
5945,2
5946,2
5947,2
5948,2
5949,2
5950,2
5951,2
5952,2
5953,2
5954,2
5955,2
5956,2
5957,2
5958,2
5959,2
5960,2
5961,2
5962,2
5963,2
5964,2
5965,2
5966,2
5967,2
5968,2
5969,2
5970,2
5971,2
5972,2
5973,2
5974,2
5975,2
5976,2
5977,2
5978,2
5979,2
5980,2
5981,2
5982,2
5983,2
5984,2
5985,2
5986,2
5987,2
5988,2
5989,2
5990,2
5991,2
5992,2
5993,2
5994,2
5995,2
5996,2
5997,2
5998,2
5999,2
6000,2
6001,2
6002,2
6003,2
6004,2
6005,2
6006,2
6007,2
6008,2
6009,2
6010,2
6011,2
6012,2
6013,2
6014,2
6015,2
6016,2
6017,2
6018,2
6019,2
6020,2
6021,2
6022,2
6023,2
6024,2
6025,2
6026,2
6027,2
6028,2
6029,2
6030,2
6031,2
6032,2
6033,2
6034,2
6035,2
6036,2
6037,2
6038,2
6039,2
6040,2
6041,2
6042,2
6043,2
6044,2
6045,2
6046,2
6047,2
6048,2
6049,2
6050,2
6051,2
6052,2
6053,2
6054,2
6055,2
6056,2
6057,2
6058,2
6059,2
6060,2
6061,2
6062,2
6063,2
6064,2
6065,2
6066,2
6067,2
6068,2
6069,2
6070,2
6071,2
6072,2
6073,2
6074,2
6075,2
6076,2
6077,2
6078,2
6079,2
6080,2
6081,2
6082,2
6083,2
6084,2
6085,2
6086,2
6087,2
6088,2
6089,2
6090,2
6091,2
6092,2
6093,2
6094,2
6095,2
6096,2
6097,2
6098,2
6099,2
6100,2
6101,2
6102,2
6103,2
6104,2
6105,2
6106,2
6107,2
6108,2
6109,2
6110,2
6111,2
6112,2
6113,2
6114,2
6115,2
6116,2
6117,2
6118,2
6119,2
6120,2
6121,2
6122,2
6123,2
6124,2
6125,2
6126,2
6127,2
6128,2
6129,2
6130,2
6131,2
6132,2
6133,2
6134,2
6135,2
6136,2
6137,2
6138,2
6139,2
6140,2
6141,2
6142,2
6143,2
6144,2
6145,2
6146,2
6147,2
6148,2
6149,2
6150,2
6151,2
6152,2
6153,2
6154,2
6155,2
6156,2
6157,2
6158,2
6159,2
6160,2
6161,2
6162,2
6163,2
6164,2
6165,2
6166,2
6167,2
6168,2
6169,2
6170,2
6171,2
6172,2
6173,2
6174,2
6175,2
6176,2
6177,2
6178,2
6179,2
6180,2
6181,2
6182,2
6183,2
6184,2
6185,2
6186,2
6187,2
6188,2
6189,2
6190,2
6191,2
6192,2
6193,2
6194,2
6195,2
6196,2
6197,2
6198,2
6199,2
6200,2
6201,2
6202,2
6203,2
6204,2
6205,2
6206,2
6207,2
6208,2
6209,2
6210,2
6211,2
6212,2
6213,2
6214,2
6215,2
6216,2
6217,2
6218,2
6219,2
6220,2
6221,2
6222,2
6223,2
6224,2
6225,2
6226,2
6227,2
6228,2
6229,2
6230,2
6231,2
6232,2
6233,2
6234,2
6235,2
6236,2
6237,2
6238,2
6239,2
6240,2
6241,2
6242,2
6243,2
6244,2
6245,2
6246,2
6247,2
6248,2
6249,2
6250,2
6251,2
6252,2
6253,2
6254,2
6255,2
6256,2
6257,2
6258,2
6259,2
6260,2
6261,2
6262,2
6263,2
6264,2
6265,2
6266,2
6267,2
6268,2
6269,2
6270,2
6271,2
6272,2
6273,2
6274,2
6275,2
6276,2
6277,2
6278,2
6279,2
6280,2
6281,2
6282,2
6283,2
6284,2
6285,2
6286,2
6287,2
6288,2
6289,2
6290,2
6291,2
6292,2
6293,2
6294,2
6295,2
6296,2
6297,2
6298,2
6299,2
6300,2
6301,2
6302,2
6303,2
6304,2
6305,2
6306,2
6307,2
6308,2
6309,2
6310,2
6311,2
6312,2
6313,2
6314,2
6315,2
6316,2
6317,2
6318,2
6319,2
6320,2
6321,2
6322,2
6323,2
6324,2
6325,2
6326,2
6327,2
6328,2
6329,2
6330,2
6331,2
6332,2
6333,2
6334,2
6335,2
6336,2
6337,2
6338,2
6339,2
6340,2
6341,2
6342,2
6343,2
6344,2
6345,2
6346,2
6347,2
6348,2
6349,2
6350,2
6351,2
6352,2
6353,2
6354,2
6355,2
6356,2
6357,2
6358,2
6359,2
6360,2
6361,2
6362,2
6363,2
6364,2
6365,2
6366,2
6367,2
6368,2
6369,2
6370,2
6371,2
6372,2
6373,2
6374,2
6375,2
6376,2
6377,2
6378,2
6379,2
6380,2
6381,2
6382,2
6383,2
6384,2
6385,2
6386,2
6387,2
6388,2
6389,2
6390,2
6391,2
6392,2
6393,2
6394,2
6395,2
6396,2
6397,2
6398,2
6399,2
6400,2
6401,2
6402,2
6403,2
6404,2
6405,2
6406,2
6407,2
6408,2
6409,2
6410,2
6411,2
6412,2
6413,2
6414,2
6415,2
6416,2
6417,2
6418,2
6419,2
6420,2
6421,2
6422,2
6423,2
6424,2
6425,2
6426,2
6427,2
6428,2
6429,2
6430,2
6431,2
6432,2
6433,2
6434,2
6435,2
6436,2
6437,2
6438,2
6439,2
6440,2
6441,2
6442,2
6443,2
6444,2
6445,2
6446,2
6447,2
6448,2
6449,2
6450,2
6451,2
6452,2
6453,2
6454,2
6455,2
6456,2
6457,2
6458,2
6459,2
6460,2
6461,2
6462,2
6463,2
6464,2
6465,2
6466,2
6467,2
6468,2
6469,2
6470,2
6471,2
6472,2
6473,2
6474,2
6475,2
6476,2
6477,2
6478,2
6479,2
6480,2
6481,2
6482,2
6483,2
6484,2
6485,2
6486,2
6487,2
6488,2
6489,2
6490,2
6491,2
6492,2
6493,2
6494,2
6495,2
6496,2
6497,2
6498,2
6499,2
6500,2
6501,2
6502,2
6503,2
6504,2
6505,2
6506,2
6507,2
6508,2
6509,2
6510,2
6511,2
6512,2
6513,2
6514,2
6515,2
6516,2
6517,2
6518,2
6519,2
6520,2
6521,2
6522,2
6523,2
6524,2
6525,2
6526,2
6527,2
6528,2
6529,2
6530,2
6531,2
6532,2
6533,2
6534,2
6535,2
6536,2
6537,2
6538,2
6539,2
6540,2
6541,2
6542,2
6543,2
6544,2
6545,2
6546,2
6547,2
6548,2
6549,2
6550,2
6551,2
6552,2
6553,2
6554,2
6555,2
6556,2
6557,2
6558,2
6559,2
6560,2
6561,2
6562,2
6563,2
6564,2
6565,2
6566,2
6567,2
6568,2
6569,2
6570,2
6571,2
6572,2
6573,2
6574,2
6575,2
6576,2
6577,2
6578,2
6579,2
6580,2
6581,2
6582,2
6583,2
6584,2
6585,2
6586,2
6587,2
6588,2
6589,2
6590,2
6591,2
6592,2
6593,2
6594,2
6595,2
6596,2
6597,2
6598,2
6599,2
6600,2
6601,2
6602,2
6603,2
6604,2
6605,2
6606,2
6607,2
6608,2
6609,2
6610,2
6611,2
6612,2
6613,2
6614,2
6615,2
6616,2
6617,2
6618,2
6619,2
6620,2
6621,2
6622,2
6623,2
6624,2
6625,2
6626,2
6627,2
6628,2
6629,2
6630,2
6631,2
6632,2
6633,2
6634,2
6635,2
6636,2
6637,2
6638,2
6639,2
6640,2
6641,2
6642,2
6643,2
6644,2
6645,2
6646,2
6647,2
6648,2
6649,2
6650,2
6651,2
6652,2
6653,2
6654,2
6655,2
6656,2
6657,2
6658,2
6659,2
6660,2
6661,2
6662,2
6663,2
6664,2
6665,2
6666,2
6667,2
6668,2
6669,2
6670,2
6671,2
6672,2
6673,2
6674,2
6675,2
6676,2
6677,2
6678,2
6679,2
6680,2
6681,2
6682,2
6683,2
6684,2
6685,2
6686,2
6687,2
6688,2
6689,2
6690,2
6691,2
6692,2
6693,2
6694,2
6695,2
6696,2
6697,2
6698,2
6699,2
6700,2
6701,2
6702,2
6703,2
6704,2
6705,2
6706,2
6707,2
6708,2
6709,2
6710,2
6711,2
6712,2
6713,2
6714,2
6715,2
6716,2
6717,2
6718,2
6719,2
6720,2
6721,2
6722,2
6723,2
6724,2
6725,2
6726,2
6727,2
6728,2
6729,2
6730,2
6731,2
6732,2
6733,2
6734,2
6735,2
6736,2
6737,2
6738,2
6739,2
6740,2
6741,2
6742,2
6743,2
6744,2
6745,2
6746,2
6747,2
6748,2
6749,2
6750,2
6751,2
6752,2
6753,2
6754,2
6755,2
6756,2
6757,2
6758,2
6759,2
6760,2
6761,2
6762,2
6763,2
6764,2
6765,2
6766,2
6767,2
6768,2
6769,2
6770,2
6771,2
6772,2
6773,2
6774,2
6775,2
6776,2
6777,2
6778,2
6779,2
6780,2
6781,2
6782,2
6783,2
6784,2
6785,2
6786,2
6787,2
6788,2
6789,2
6790,2
6791,2
6792,2
6793,2
6794,2
6795,2
6796,2
6797,2
6798,2
6799,2
6800,2
6801,2
6802,2
6803,2
6804,2
6805,2
6806,2
6807,2
6808,2
6809,2
6810,2
6811,2
6812,2
6813,2
6814,2
6815,2
6816,2
6817,2
6818,2
6819,2
6820,2
6821,2
6822,2
6823,2
6824,2
6825,2
6826,2
6827,2
6828,2
6829,2
6830,2
6831,2
6832,2
6833,2
6834,2
6835,2
6836,2
6837,2
6838,2
6839,2
6840,2
6841,2
6842,2
6843,2
6844,2
6845,2
6846,2
6847,2
6848,2
6849,2
6850,2
6851,2
6852,2
6853,2
6854,2
6855,2
6856,2
6857,2
6858,2
6859,2
6860,2
6861,2
6862,2
6863,2
6864,2
6865,2
6866,2
6867,2
6868,2
6869,2
6870,2
6871,2
6872,2
6873,2
6874,2
6875,2
6876,2
6877,2
6878,2
6879,2
6880,2
6881,2
6882,2
6883,2
6884,2
6885,2
6886,2
6887,2
6888,2
6889,2
6890,2
6891,2
6892,2
6893,2
6894,2
6895,2
6896,2
6897,2
6898,2
6899,2
6900,2
6901,2
6902,2
6903,2
6904,2
6905,2
6906,2
6907,2
6908,2
6909,2
6910,2
6911,2
6912,2
6913,2
6914,2
6915,2
6916,2
6917,2
6918,2
6919,2
6920,2
6921,2
6922,2
6923,2
6924,2
6925,2
6926,2
6927,2
6928,2
6929,2
6930,2
6931,2
6932,2
6933,2
6934,2
6935,2
6936,2
6937,2
6938,2
6939,2
6940,2
6941,2
6942,2
6943,2
6944,2
6945,2
6946,2
6947,2
6948,2
6949,2
6950,2
6951,2
6952,2
6953,2
6954,2
6955,2
6956,2
6957,2
6958,2
6959,2
6960,2
6961,2
6962,2
6963,2
6964,2
6965,2
6966,2
6967,2
6968,2
6969,2
6970,2
6971,2
6972,2
6973,2
6974,2
6975,2
6976,2
6977,2
6978,2
6979,2
6980,2
6981,2
6982,2
6983,2
6984,2
6985,2
6986,2
6987,2
6988,2
6989,2
6990,2
6991,2
6992,2
6993,2
6994,2
6995,2
6996,2
6997,2
6998,2
6999,2
7000,2
7001,2
7002,2
7003,2
7004,2
7005,2
7006,2
7007,2
7008,2
7009,2
7010,2
7011,2
7012,2
7013,2
7014,2
7015,2
7016,2
7017,2
7018,2
7019,2
7020,2
7021,2
7022,2
7023,2
7024,2
7025,2
7026,2
7027,2
7028,2
7029,2
7030,2
7031,2
7032,2
7033,2
7034,2
7035,2
7036,2
7037,2
7038,2
7039,2
7040,2
7041,2
7042,2
7043,2
7044,2
7045,2
7046,2
7047,2
7048,2
7049,2
7050,2
7051,2
7052,2
7053,2
7054,2
7055,2
7056,2
7057,2
7058,2
7059,2
7060,2
7061,2
7062,2
7063,2
7064,2
7065,2
7066,2
7067,2
7068,2
7069,2
7070,2
7071,2
7072,2
7073,2
7074,2
7075,2
7076,2
7077,2
7078,2
7079,2
7080,2
7081,2
7082,2
7083,2
7084,2
7085,2
7086,2
7087,2
7088,2
7089,2
7090,2
7091,2
7092,2
7093,2
7094,2
7095,2
7096,2
7097,2
7098,2
7099,2
7100,2
7101,2
7102,2
7103,2
7104,2
7105,2
7106,2
7107,2
7108,2
7109,2
7110,2
7111,2
7112,2
7113,2
7114,2
7115,2
7116,2
7117,2
7118,2
7119,2
7120,2
7121,2
7122,2
7123,2
7124,2
7125,2
7126,2
7127,2
7128,2
7129,2
7130,2
7131,2
7132,2
7133,2
7134,2
7135,2
7136,2
7137,2
7138,2
7139,2
7140,2
7141,2
7142,2
7143,2
7144,2
7145,2
7146,2
7147,2
7148,2
7149,2
7150,2
7151,2
7152,2
7153,2
7154,2
7155,2
7156,2
7157,2
7158,2
7159,2
7160,2
7161,2
7162,2
7163,2
7164,2
7165,2
7166,2
7167,2
7168,2
7169,2
7170,2
7171,2
7172,2
7173,2
7174,2
7175,2
7176,2
7177,2
7178,2
7179,2
7180,2
7181,2
7182,2
7183,2
7184,2
7185,2
7186,2
7187,2
7188,2
7189,2
7190,2
7191,2
7192,2
7193,2
7194,2
7195,2
7196,2
7197,2
7198,2
7199,2
7200,2
7201,2
7202,2
7203,2
7204,2
7205,2
7206,2
7207,2
7208,2
7209,2
7210,2
7211,2
7212,2
7213,2
7214,2
7215,2
7216,2
7217,2
7218,2
7219,2
7220,2
7221,2
7222,2
7223,2
7224,2
7225,2
7226,2
7227,2
7228,2
7229,2
7230,2
7231,2
7232,2
7233,2
7234,2
7235,2
7236,2
7237,2
7238,2
7239,2
7240,2
7241,2
7242,2
7243,2
7244,2
7245,2
7246,2
7247,2
7248,2
7249,2
7250,2
7251,2
7252,2
7253,2
7254,2
7255,2
7256,2
7257,2
7258,2
7259,2
7260,2
7261,2
7262,2
7263,2
7264,2
7265,2
7266,2
7267,2
7268,2
7269,2
7270,2
7271,2
7272,2
7273,2
7274,2
7275,2
7276,2
7277,2
7278,2
7279,2
7280,2
7281,2
7282,2
7283,2
7284,2
7285,2
7286,2
7287,2
7288,2
7289,2
7290,2
7291,2
7292,2
7293,2
7294,2
7295,2
7296,2
7297,2
7298,2
7299,2
7300,2
7301,2
7302,2
7303,2
7304,2
7305,2
7306,2
7307,2
7308,2
7309,2
7310,2
7311,2
7312,2
7313,2
7314,2
7315,2
7316,2
7317,2
7318,2
7319,2
7320,2
7321,2
7322,2
7323,2
7324,2
7325,2
7326,2
7327,2
7328,2
7329,2
7330,2
7331,2
7332,2
7333,2
7334,2
7335,2
7336,2
7337,2
7338,2
7339,2
7340,2
7341,2
7342,2
7343,2
7344,2
7345,2
7346,2
7347,2
7348,2
7349,2
7350,2
7351,2
7352,2
7353,2
7354,2
7355,2
7356,2
7357,2
7358,2
7359,2
7360,2
7361,2
7362,2
7363,2
7364,2
7365,2
7366,2
7367,2
7368,2
7369,2
7370,2
7371,2
7372,2
7373,2
7374,2
7375,2
7376,2
7377,2
7378,2
7379,2
7380,2
7381,2
7382,2
7383,2
7384,2
7385,2
7386,2
7387,2
7388,2
7389,2
7390,2
7391,2
7392,2
7393,2
7394,2
7395,2
7396,2
7397,2
7398,2
7399,2
7400,2
7401,2
7402,2
7403,2
7404,2
7405,2
7406,2
7407,2
7408,2
7409,2
7410,2
7411,2
7412,2
7413,2
7414,2
7415,2
7416,2
7417,2
7418,2
7419,2
7420,2
7421,2
7422,2
7423,2
7424,2
7425,2
7426,2
7427,2
7428,2
7429,2
7430,2
7431,2
7432,2
7433,2
7434,2
7435,2
7436,2
7437,2
7438,2
7439,2
7440,2
7441,2
7442,2
7443,2
7444,2
7445,2
7446,2
7447,2
7448,2
7449,2
7450,2
7451,2
7452,2
7453,2
7454,2
7455,2
7456,2
7457,2
7458,2
7459,2
7460,2
7461,2
7462,2
7463,2
7464,2
7465,2
7466,2
7467,2
7468,2
7469,2
7470,2
7471,2
7472,2
7473,2
7474,2
7475,2
7476,2
7477,2
7478,2
7479,2
7480,2
7481,2
7482,2
7483,2
7484,2
7485,2
7486,2
7487,2
7488,2
7489,2
7490,2
7491,2
7492,2
7493,2
7494,2
7495,2
7496,2
7497,2
7498,2
7499,2
7500,2
7501,2
7502,2
7503,2
7504,2
7505,2
7506,2
7507,2
7508,2
7509,2
7510,2
7511,2
7512,2
7513,2
7514,2
7515,2
7516,2
7517,2
7518,2
7519,2
7520,2
7521,2
7522,2
7523,2
7524,2
7525,2
7526,2
7527,2
7528,2
7529,2
7530,2
7531,2
7532,2
7533,2
7534,2
7535,2
7536,2
7537,2
7538,2
7539,2
7540,2
7541,2
7542,2
7543,2
7544,2
7545,2
7546,2
7547,2
7548,2
7549,2
7550,2
7551,2
7552,2
7553,2
7554,2
7555,2
7556,2
7557,2
7558,2
7559,2
7560,2
7561,2
7562,2
7563,2
7564,2
7565,2
7566,2
7567,2
7568,2
7569,2
7570,2
7571,2
7572,2
7573,2
7574,2
7575,2
7576,2
7577,2
7578,2
7579,2
7580,2
7581,4
7582,4
7583,4
7584,4
7585,4
7586,4
7587,4
7588,4
7589,4
7590,4
7591,4
7592,4
7593,4
7594,4
7595,4
7596,4
7597,4
7598,4
7599,4
7600,4
7601,4
7602,4
7603,4
7604,4
7605,4
7606,4
7607,4
7608,4
7609,4
7610,4
7611,4
7612,4
7613,4
7614,4
7615,4
7616,4
7617,4
7618,4
7619,4
7620,4
7621,4
7622,4
7623,4
7624,4
7625,4
7626,4
7627,4
7628,4
7629,4
7630,4
7631,4
7632,4
7633,4
7634,4
7635,4
7636,4
7637,4
7638,4
7639,4
7640,4
7641,4
7642,4
7643,4
7644,4
7645,4
7646,4
7647,4
7648,4
7649,4
7650,4
7651,4
7652,4
7653,4
7654,4
7655,4
7656,4
7657,4
7658,4
7659,4
7660,4
7661,4
7662,4
7663,4
7664,4
7665,4
7666,4
7667,4
7668,4
7669,4
7670,4
7671,4
7672,4
7673,4
7674,4
7675,4
7676,4
7677,4
7678,4
7679,4
7680,4
7681,4
7682,4
7683,4
7684,4
7685,4
7686,4
7687,4
7688,4
7689,4
7690,4
7691,4
7692,4
7693,4
7694,4
7695,4
7696,4
7697,4
7698,4
7699,4
7700,4
7701,4
7702,4
7703,4
7704,4
7705,4
7706,4
7707,4
7708,4
7709,4
7710,4
7711,4
7712,4
7713,4
7714,4
7715,4
7716,4
7717,4
7718,4
7719,4
7720,4
7721,4
7722,4
7723,4
7724,4
7725,4
7726,4
7727,4
7728,4
7729,4
7730,4
7731,4
7732,4
7733,4
7734,4
7735,4
7736,4
7737,4
7738,4
7739,4
7740,4
7741,4
7742,4
7743,4
7744,4
7745,4
7746,4
7747,4
7748,4
7749,4
7750,4
7751,4
7752,4
7753,4
7754,4
7755,4
7756,4
7757,4
7758,4
7759,4
7760,4
7761,4
7762,4
7763,4
7764,4
7765,4
7766,4
7767,4
7768,4
7769,4
7770,4
7771,4
7772,4
7773,4
7774,4
7775,4
7776,4
7777,4
7778,4
7779,4
7780,4
7781,4
7782,4
7783,4
7784,4
7785,4
7786,4
7787,4
7788,4
7789,4
7790,4
7791,4
7792,4
7793,4
7794,4
7795,4
7796,4
7797,4
7798,4
7799,4
7800,4
7801,4
7802,4
7803,4
7804,4
7805,4
7806,4
7807,4
7808,4
7809,4
7810,4
7811,4
7812,4
7813,4
7814,4
7815,4
7816,4
7817,4
7818,4
7819,4
7820,4
7821,4
7822,4
7823,4
7824,4
7825,4
7826,4
7827,4
7828,4
7829,4
7830,4
7831,4
7832,4
7833,4
7834,4
7835,4
7836,4
7837,4
7838,4
7839,4
7840,4
7841,4
7842,4
7843,4
7844,4
7845,4
7846,4
7847,4
7848,4
7849,4
7850,4
7851,4
7852,4
7853,4
7854,4
7855,4
7856,4
7857,4
7858,4
7859,4
7860,4
7861,4
7862,4
7863,4
7864,4
7865,4
7866,4
7867,4
7868,4
7869,4
7870,4
7871,4
7872,4
7873,4
7874,4
7875,4
7876,4
7877,4
7878,4
7879,4
7880,4
7881,4
7882,4
7883,4
7884,4
7885,4
7886,4
7887,4
7888,4
7889,4
7890,4
7891,4
7892,4
7893,4
7894,4
7895,4
7896,4
7897,4
7898,4
7899,4
7900,4
7901,4
7902,4
7903,4
7904,4
7905,4
7906,4
7907,4
7908,4
7909,4
7910,4
7911,4
7912,4
7913,4
7914,4
7915,4
7916,4
7917,4
7918,4
7919,4
7920,4
7921,4
7922,4
7923,4
7924,4
7925,4
7926,4
7927,4
7928,4
7929,4
7930,4
7931,4
7932,4
7933,4
7934,4
7935,4
7936,4
7937,4
7938,4
7939,4
7940,4
7941,4
7942,4
7943,4
7944,4
7945,4
7946,4
7947,4
7948,4
7949,4
7950,4
7951,4
7952,4
7953,4
7954,4
7955,4
7956,4
7957,4
7958,4
7959,4
7960,4
7961,4
7962,4
7963,4
7964,4
7965,4
7966,4
7967,4
7968,4
7969,4
7970,4
7971,4
7972,4
7973,4
7974,4
7975,4
7976,4
7977,4
7978,4
7979,4
7980,4
7981,4
7982,4
7983,4
7984,4
7985,4
7986,4
7987,4
7988,4
7989,4
7990,4
7991,4
7992,4
7993,4
7994,4
7995,4
7996,4
7997,4
7998,4
7999,4
8000,4
8001,4
8002,4
8003,4
8004,4
8005,4
8006,4
8007,4
8008,4
8009,4
8010,4
8011,4
8012,4
8013,4
8014,4
8015,4
8016,4
8017,4
8018,4
8019,4
8020,4
8021,4
8022,4
8023,4
8024,4
8025,4
8026,4
8027,4
8028,4
8029,4
8030,4
8031,4
8032,4
8033,4
8034,4
8035,4
8036,4
8037,4
8038,4
8039,4
8040,4
8041,4
8042,4
8043,4
8044,4
8045,4
8046,4
8047,4
8048,4
8049,4
8050,4
8051,4
8052,4
8053,4
8054,4
8055,4
8056,4
8057,4
8058,4
8059,4
8060,4
8061,4
8062,4
8063,4
8064,4
8065,4
8066,4
8067,4
8068,4
8069,4
8070,4
8071,4
8072,4
8073,4
8074,4
8075,4
8076,4
8077,4
8078,4
8079,4
8080,4
8081,4
8082,4
8083,4
8084,4
8085,4
8086,4
8087,4
8088,4
8089,4
8090,4
8091,4
8092,4
8093,4
8094,4
8095,4
8096,4
8097,4
8098,4
8099,4
8100,4
8101,4
8102,4
8103,4
8104,4
8105,4
8106,4
8107,4
8108,4
8109,4
8110,4
8111,4
8112,4
8113,4
8114,4
8115,4
8116,4
8117,4
8118,4
8119,4
8120,4
8121,4
8122,4
8123,4
8124,4
8125,4
8126,4
8127,4
8128,4
8129,4
8130,4
8131,4
8132,4
8133,4
8134,4
8135,4
8136,4
8137,4
8138,4
8139,4
8140,4
8141,4
8142,4
8143,4
8144,4
8145,4
8146,4
8147,4
8148,4
8149,4
8150,4
8151,4
8152,4
8153,4
8154,4
8155,4
8156,4
8157,4
8158,4
8159,4
8160,4
8161,4
8162,4
8163,4
8164,4
8165,4
8166,4
8167,4
8168,4
8169,4
8170,4
8171,4
8172,4
8173,4
8174,4
8175,4
8176,4
8177,4
8178,4
8179,4
8180,4
8181,4
8182,4
8183,4
8184,4
8185,4
8186,4
8187,4
8188,4
8189,4
8190,4
8191,4
8192,4
8193,4
8194,4
8195,4
8196,4
8197,4
8198,4
8199,4
8200,4
8201,4
8202,4
8203,4
8204,4
8205,4
8206,4
8207,4
8208,4
8209,4
8210,4
8211,4
8212,4
8213,4
8214,4
8215,4
8216,4
8217,4
8218,4
8219,4
8220,4
8221,4
8222,4
8223,4
8224,4
8225,4
8226,4
8227,4
8228,4
8229,4
8230,4
8231,4
8232,4
8233,4
8234,4
8235,4
8236,4
8237,4
8238,4
8239,4
8240,4
8241,4
8242,4
8243,4
8244,4
8245,4
8246,4
8247,4
8248,4
8249,4
8250,4
8251,4
8252,4
8253,4
8254,4
8255,4
8256,4
8257,4
8258,4
8259,4
8260,4
8261,4
8262,4
8263,4
8264,4
8265,4
8266,4
8267,4
8268,4
8269,4
8270,4
8271,4
8272,4
8273,4
8274,4
8275,4
8276,4
8277,4
8278,4
8279,4
8280,4
8281,4
8282,4
8283,4
8284,4
8285,4
8286,4
8287,4
8288,4
8289,4
8290,4
8291,4
8292,4
8293,4
8294,4
8295,4
8296,4
8297,4
8298,4
8299,4
8300,4
8301,4
8302,4
8303,4
8304,4
8305,4
8306,4
8307,4
8308,4
8309,4
8310,4
8311,4
8312,4
8313,4
8314,4
8315,4
8316,4
8317,4
8318,4
8319,4
8320,4
8321,4
8322,4
8323,4
8324,4
8325,4
8326,4
8327,4
8328,4
8329,4
8330,4
8331,4
8332,4
8333,4
8334,4
8335,4
8336,4
8337,4
8338,4
8339,4
8340,4
8341,4
8342,4
8343,4
8344,4
8345,4
8346,4
8347,4
8348,4
8349,4
8350,4
8351,4
8352,4
8353,4
8354,4
8355,4
8356,4
8357,4
8358,4
8359,4
8360,4
8361,4
8362,4
8363,4
8364,4
8365,4
8366,4
8367,4
8368,4
8369,4
8370,4
8371,4
8372,4
8373,4
8374,4
8375,4
8376,4
8377,4
8378,4
8379,4
8380,4
8381,4
8382,4
8383,4
8384,4
8385,4
8386,4
8387,4
8388,4
8389,4
8390,4
8391,4
8392,4
8393,4
8394,4
8395,4
8396,4
8397,4
8398,4
8399,4
8400,4
8401,4
8402,4
8403,4
8404,4
8405,4
8406,4
8407,4
8408,4
8409,4
8410,4
8411,4
8412,4
8413,4
8414,4
8415,4
8416,4
8417,4
8418,4
8419,4
8420,4
8421,4
8422,4
8423,4
8424,4
8425,4
8426,4
8427,4
8428,4
8429,4
8430,4
8431,4
8432,4
8433,4
8434,4
8435,4
8436,4
8437,4
8438,4
8439,4
8440,4
8441,4
8442,4
8443,4
8444,4
8445,4
8446,4
8447,4
8448,4
8449,4
8450,4
8451,4
8452,4
8453,4
8454,4
8455,4
8456,4
8457,4
8458,4
8459,4
8460,4
8461,4
8462,4
8463,4
8464,4
8465,4
8466,4
8467,4
8468,4
8469,4
8470,4
8471,4
8472,4
8473,4
8474,4
8475,4
8476,4
8477,4
8478,4
8479,4
8480,4
8481,4
8482,4
8483,4
8484,4
8485,4
8486,4
8487,4
8488,4
8489,4
8490,4
8491,4
8492,4
8493,4
8494,4
8495,4
8496,4
8497,4
8498,4
8499,4
8500,4
8501,4
8502,4
8503,4
8504,4
8505,4
8506,4
8507,4
8508,4
8509,4
8510,4
8511,4
8512,4
8513,4
8514,4
8515,4
8516,4
8517,4
8518,4
8519,4
8520,4
8521,4
8522,4
8523,4
8524,4
8525,4
8526,4
8527,4
8528,4
8529,4
8530,4
8531,4
8532,4
8533,4
8534,4
8535,4
8536,4
8537,4
8538,4
8539,4
8540,4
8541,4
8542,4
8543,4
8544,4
8545,4
8546,4
8547,4
8548,4
8549,4
8550,4
8551,4
8552,4
8553,4
8554,4
8555,4
8556,4
8557,4
8558,4
8559,4
8560,4
8561,4
8562,4
8563,4
8564,4
8565,4
8566,4
8567,4
8568,4
8569,4
8570,4
8571,4
8572,4
8573,4
8574,4
8575,4
8576,4
8577,4
8578,4
8579,4
8580,4
8581,4
8582,4
8583,4
8584,4
8585,4
8586,4
8587,4
8588,4
8589,4
8590,4
8591,4
8592,4
8593,4
8594,4
8595,4
8596,4
8597,4
8598,4
8599,4
8600,4
8601,4
8602,4
8603,4
8604,4
8605,4
8606,4
8607,4
8608,4
8609,4
8610,4
8611,4
8612,4
8613,4
8614,4
8615,4
8616,4
8617,4
8618,4
8619,4
8620,4
8621,4
8622,4
8623,4
8624,4
8625,4
8626,4
8627,4
8628,4
8629,4
8630,4
8631,4
8632,4
8633,4
8634,4
8635,4
8636,4
8637,4
8638,4
8639,4
8640,4
8641,4
8642,4
8643,4
8644,4
8645,4
8646,4
8647,4
8648,4
8649,4
8650,4
8651,4
8652,4
8653,4
8654,4
8655,4
8656,4
8657,4
8658,4
8659,4
8660,4
8661,4
8662,4
8663,4
8664,4
8665,4
8666,4
8667,4
8668,4
8669,4
8670,4
8671,4
8672,4
8673,4
8674,4
8675,4
8676,4
8677,4
8678,4
8679,4
8680,4
8681,4
8682,4
8683,4
8684,4
8685,4
8686,4
8687,4
8688,4
8689,4
8690,4
8691,4
8692,4
8693,4
8694,4
8695,4
8696,4
8697,4
8698,4
8699,4
8700,4
8701,4
8702,4
8703,4
8704,4
8705,4
8706,4
8707,4
8708,4
8709,4
8710,4
8711,4
8712,4
8713,4
8714,4
8715,4
8716,4
8717,4
8718,4
8719,4
8720,4
8721,4
8722,4
8723,4
8724,4
8725,4
8726,4
8727,4
8728,4
8729,4
8730,4
8731,4
8732,4
8733,4
8734,4
8735,4
8736,4
8737,4
8738,4
8739,4
8740,4
8741,4
8742,4
8743,4
8744,4
8745,4
8746,4
8747,4
8748,4
8749,4
8750,4
8751,4
8752,4
8753,4
8754,4
8755,4
8756,4
8757,4
8758,4
8759,4
8760,4
8761,4
8762,4
8763,4
8764,4
8765,4
8766,4
8767,4
8768,4
8769,4
8770,4
8771,4
8772,4
8773,4
8774,4
8775,4
8776,4
8777,4
8778,4
8779,4
8780,4
8781,4
8782,4
8783,4
8784,4
8785,4
8786,6
8787,6
8788,6
8789,6
8790,6
8791,6
8792,6
8793,6
8794,6
8795,6
8796,6
8797,6
8798,6
8799,6
8800,6
8801,6
8802,6
8803,6
8804,6
8805,6
8806,6
8807,6
8808,6
8809,6
8810,6
8811,6
8812,6
8813,6
8814,6
8815,6
8816,6
8817,6
8818,6
8819,6
8820,6
8821,6
8822,6
8823,6
8824,6
8825,6
8826,6
8827,6
8828,6
8829,6
8830,6
8831,6
8832,6
8833,6
8834,6
8835,6
8836,6
8837,6
8838,6
8839,6
8840,6
8841,6
8842,6
8843,6
8844,6
8845,6
8846,6
8847,6
8848,6
8849,6
8850,6
8851,6
8852,6
8853,6
8854,6
8855,6
8856,6
8857,6
8858,6
8859,6
8860,6
8861,6
8862,6
8863,6
8864,6
8865,6
8866,6
8867,6
8868,6
8869,6
8870,6
8871,6
8872,6
8873,6
8874,6
8875,6
8876,6
8877,6
8878,6
8879,6
8880,6
8881,6
8882,6
8883,6
8884,6
8885,6
8886,6
8887,6
8888,6
8889,6
8890,6
8891,6
8892,6
8893,6
8894,6
8895,6
8896,6
8897,6
8898,6
8899,6
8900,6
8901,6
8902,6
8903,6
8904,6
8905,6
8906,6
8907,6
8908,6
8909,6
8910,6
8911,6
8912,6
8913,6
8914,6
8915,6
8916,6
8917,6
8918,6
8919,6
8920,6
8921,6
8922,6
8923,6
8924,6
8925,6
8926,6
8927,6
8928,6
8929,6
8930,6
8931,6
8932,6
8933,6
8934,6
8935,6
8936,6
8937,6
8938,6
8939,6
8940,6
8941,6
8942,6
8943,6
8944,6
8945,6
8946,6
8947,6
8948,6
8949,6
8950,6
8951,6
8952,6
8953,6
8954,6
8955,6
8956,6
8957,6
8958,6
8959,6
8960,6
8961,6
8962,6
8963,6
8964,6
8965,6
8966,6
8967,6
8968,6
8969,6
8970,6
8971,6
8972,6
8973,6
8974,6
8975,6
8976,6
8977,6
8978,6
8979,6
8980,6
8981,6
8982,6
8983,6
8984,6
8985,6
8986,6
8987,6
8988,6
8989,6
8990,6
8991,6
8992,6
8993,6
8994,6
8995,6
8996,6
8997,6
8998,6
8999,6
9000,6
9001,6
9002,6
9003,6
9004,6
9005,6
9006,6
9007,6
9008,6
9009,6
9010,6
9011,6
9012,6
9013,6
9014,6
9015,6
9016,6
9017,6
9018,6
9019,6
9020,6
9021,6
9022,6
9023,6
9024,6
9025,6
9026,6
9027,6
9028,6
9029,6
9030,6
9031,6
9032,6
9033,6
9034,6
9035,6
9036,6
9037,6
9038,6
9039,6
9040,6
9041,6
9042,6
9043,6
9044,6
9045,6
9046,6
9047,6
9048,6
9049,6
9050,6
9051,6
9052,6
9053,6
9054,6
9055,6
9056,6
9057,6
9058,6
9059,6
9060,6
9061,6
9062,6
9063,6
9064,6
9065,6
9066,6
9067,6
9068,6
9069,6
9070,6
9071,6
9072,6
9073,6
9074,6
9075,6
9076,6
9077,6
9078,6
9079,6
9080,6
9081,6
9082,6
9083,6
9084,6
9085,6
9086,6
9087,6
9088,6
9089,6
9090,6
9091,6
9092,6
9093,6
9094,6
9095,6
9096,6
9097,6
9098,6
9099,6
9100,6
9101,6
9102,6
9103,6
9104,6
9105,6
9106,6
9107,6
9108,6
9109,6
9110,6
9111,6
9112,6
9113,6
9114,6
9115,6
9116,6
9117,6
9118,6
9119,6
9120,6
9121,6
9122,6
9123,6
9124,6
9125,6
9126,6
9127,6
9128,6
9129,6
9130,6
9131,6
9132,6
9133,6
9134,6
9135,6
9136,6
9137,6
9138,6
9139,6
9140,6
9141,6
9142,6
9143,6
9144,6
9145,6
9146,6
9147,6
9148,6
9149,6
9150,6
9151,6
9152,6
9153,6
9154,6
9155,6
9156,6
9157,6
9158,6
9159,6
9160,6
9161,6
9162,6
9163,6
9164,6
9165,6
9166,6
9167,6
9168,6
9169,6
9170,6
9171,6
9172,6
9173,6
9174,6
9175,6
9176,6
9177,6
9178,6
9179,6
9180,6
9181,6
9182,6
9183,6
9184,6
9185,6
9186,6
9187,6
9188,6
9189,6
9190,6
9191,6
9192,6
9193,6
9194,6
9195,6
9196,6
9197,6
9198,6
9199,6
9200,6
9201,6
9202,6
9203,6
9204,6
9205,6
9206,6
9207,6
9208,6
9209,6
9210,6
9211,6
9212,6
9213,6
9214,6
9215,6
9216,6
9217,6
9218,6
9219,6
9220,6
9221,6
9222,6
9223,6
9224,6
9225,6
9226,6
9227,6
9228,6
9229,6
9230,6
9231,6
9232,6
9233,6
9234,6
9235,6
9236,6
9237,6
9238,6
9239,6
9240,6
9241,6
9242,6
9243,6
9244,6
9245,6
9246,6
9247,6
9248,6
9249,6
9250,6
9251,6
9252,6
9253,6
9254,6
9255,6
9256,6
9257,6
9258,6
9259,6
9260,6
9261,6
9262,6
9263,6
9264,6
9265,6
9266,6
9267,6
9268,6
9269,6
9270,6
9271,6
9272,6
9273,6
9274,6
9275,6
9276,6
9277,6
9278,6
9279,6
9280,6
9281,6
9282,6
9283,6
9284,6
9285,6
9286,6
9287,6
9288,6
9289,6
9290,6
9291,6
9292,6
9293,6
9294,6
9295,6
9296,6
9297,6
9298,6
9299,6
9300,6
9301,6
9302,6
9303,6
9304,6
9305,6
9306,6
9307,6
9308,6
9309,6
9310,6
9311,6
9312,6
9313,6
9314,6
9315,6
9316,6
9317,6
9318,6
9319,6
9320,6
9321,6
9322,6
9323,6
9324,6
9325,6
9326,6
9327,6
9328,6
9329,6
9330,6
9331,6
9332,6
9333,6
9334,6
9335,6
9336,6
9337,6
9338,6
9339,6
9340,6
9341,6
9342,6
9343,6
9344,6
9345,6
9346,6
9347,6
9348,6
9349,6
9350,6
9351,6
9352,6
9353,6
9354,6
9355,6
9356,6
9357,6
9358,6
9359,6
9360,6
9361,6
9362,6
9363,6
9364,6
9365,6
9366,6
9367,6
9368,6
9369,6
9370,6
9371,6
9372,6
9373,6
9374,6
9375,6
9376,6
9377,6
9378,6
9379,6
9380,6
9381,6
9382,6
9383,6
9384,6
9385,6
9386,6
9387,6
9388,6
9389,6
9390,6
9391,6
9392,6
9393,6
9394,6
9395,6
9396,6
9397,6
9398,6
9399,6
9400,6
9401,6
9402,6
9403,6
9404,6
9405,6
9406,6
9407,6
9408,6
9409,6
9410,6
9411,6
9412,6
9413,6
9414,6
9415,6
9416,6
9417,6
9418,6
9419,6
9420,6
9421,6
9422,6
9423,6
9424,6
9425,6
9426,6
9427,6
9428,6
9429,6
9430,6
9431,6
9432,6
9433,6
9434,6
9435,6
9436,6
9437,6
9438,6
9439,6
9440,6
9441,6
9442,6
9443,6
9444,6
9445,8
9446,8
9447,8
9448,8
9449,8
9450,8
9451,8
9452,8
9453,8
9454,8
9455,8
9456,8
9457,8
9458,8
9459,8
9460,8
9461,8
9462,8
9463,8
9464,8
9465,8
9466,8
9467,8
9468,8
9469,8
9470,8
9471,8
9472,8
9473,8
9474,8
9475,8
9476,8
9477,8
9478,8
9479,8
9480,8
9481,8
9482,8
9483,8
9484,8
9485,8
9486,8
9487,8
9488,8
9489,8
9490,8
9491,8
9492,8
9493,8
9494,8
9495,8
9496,8
9497,8
9498,8
9499,8
9500,8
9501,8
9502,8
9503,8
9504,8
9505,8
9506,8
9507,8
9508,8
9509,8
9510,8
9511,8
9512,8
9513,8
9514,8
9515,8
9516,8
9517,8
9518,8
9519,8
9520,8
9521,8
9522,8
9523,8
9524,8
9525,8
9526,8
9527,8
9528,8
9529,8
9530,8
9531,8
9532,8
9533,8
9534,8
9535,8
9536,8
9537,8
9538,8
9539,8
9540,8
9541,8
9542,8
9543,8
9544,8
9545,8
9546,8
9547,8
9548,8
9549,8
9550,8
9551,8
9552,8
9553,8
9554,8
9555,8
9556,8
9557,8
9558,8
9559,8
9560,8
9561,8
9562,8
9563,8
9564,8
9565,8
9566,8
9567,8
9568,8
9569,8
9570,8
9571,8
9572,8
9573,8
9574,8
9575,8
9576,8
9577,8
9578,8
9579,8
9580,8
9581,8
9582,8
9583,8
9584,8
9585,8
9586,8
9587,8
9588,8
9589,8
9590,8
9591,8
9592,8
9593,8
9594,8
9595,8
9596,8
9597,8
9598,8
9599,8
9600,8
9601,8
9602,8
9603,8
9604,8
9605,8
9606,8
9607,8
9608,8
9609,8
9610,8
9611,8
9612,8
9613,8
9614,8
9615,8
9616,8
9617,8
9618,8
9619,8
9620,8
9621,8
9622,8
9623,8
9624,8
9625,8
9626,8
9627,8
9628,8
9629,8
9630,8
9631,8
9632,8
9633,8
9634,8
9635,8
9636,8
9637,8
9638,8
9639,8
9640,8
9641,8
9642,8
9643,8
9644,8
9645,8
9646,8
9647,8
9648,8
9649,8
9650,8
9651,8
9652,8
9653,8
9654,8
9655,8
9656,8
9657,8
9658,8
9659,8
9660,8
9661,8
9662,8
9663,8
9664,8
9665,8
9666,8
9667,8
9668,8
9669,8
9670,8
9671,8
9672,8
9673,8
9674,8
9675,8
9676,8
9677,8
9678,8
9679,8
9680,8
9681,8
9682,8
9683,8
9684,8
9685,8
9686,8
9687,8
9688,8
9689,8
9690,8
9691,8
9692,8
9693,8
9694,8
9695,8
9696,8
9697,8
9698,8
9699,8
9700,8
9701,8
9702,8
9703,8
9704,8
9705,8
9706,8
9707,8
9708,8
9709,8
9710,8
9711,8
9712,8
9713,8
9714,8
9715,8
9716,8
9717,8
9718,8
9719,8
9720,8
9721,8
9722,8
9723,8
9724,8
9725,8
9726,8
9727,8
9728,8
9729,8
9730,8
9731,8
9732,8
9733,8
9734,8
9735,8
9736,8
9737,8
9738,8
9739,8
9740,8
9741,8
9742,8
9743,8
9744,8
9745,8
9746,8
9747,8
9748,8
9749,8
9750,8
9751,8
9752,8
9753,8
9754,8
9755,8
9756,8
9757,8
9758,8
9759,8
9760,8
9761,8
9762,8
9763,8
9764,8
9765,8
9766,8
9767,8
9768,8
9769,8
9770,8
9771,8
9772,8
9773,8
9774,8
9775,8
9776,8
9777,8
9778,8
9779,8
9780,8
9781,8
9782,8
9783,8
9784,8
9785,8
9786,8
9787,8
9788,8
9789,10
9790,10
9791,10
9792,10
9793,10
9794,10
9795,10
9796,10
9797,10
9798,10
9799,10
9800,10
9801,10
9802,10
9803,10
9804,10
9805,10
9806,10
9807,10
9808,10
9809,10
9810,10
9811,10
9812,10
9813,10
9814,10
9815,10
9816,10
9817,10
9818,10
9819,10
9820,10
9821,10
9822,10
9823,10
9824,10
9825,10
9826,10
9827,10
9828,10
9829,10
9830,10
9831,10
9832,10
9833,10
9834,10
9835,10
9836,10
9837,10
9838,10
9839,10
9840,10
9841,10
9842,10
9843,10
9844,10
9845,10
9846,10
9847,10
9848,10
9849,10
9850,10
9851,10
9852,10
9853,10
9854,10
9855,10
9856,10
9857,10
9858,10
9859,10
9860,10
9861,10
9862,10
9863,10
9864,10
9865,10
9866,10
9867,10
9868,10
9869,10
9870,10
9871,10
9872,10
9873,10
9874,10
9875,10
9876,10
9877,10
9878,10
9879,10
9880,10
9881,10
9882,10
9883,10
9884,10
9885,10
9886,10
9887,10
9888,10
9889,10
9890,10
9891,10
9892,10
9893,10
9894,10
9895,10
9896,10
9897,10
9898,10
9899,10
9900,10
9901,10
9902,10
9903,10
9904,10
9905,10
9906,10
9907,10
9908,10
9909,10
9910,10
9911,10
9912,10
9913,10
9914,10
9915,10
9916,10
9917,10
9918,10
9919,10
9920,10
9921,10
9922,10
9923,10
9924,10
9925,10
9926,10
9927,10
9928,10
9929,10
9930,10
9931,10
9932,10
9933,10
9934,10
9935,10
9936,10
9937,10
9938,10
9939,10
9940,10
9941,10
9942,10
9943,10
9944,10
9945,12
9946,12
9947,12
9948,12
9949,12
9950,12
9951,12
9952,12
9953,12
9954,12
9955,12
9956,12
9957,12
9958,12
9959,12
9960,12
9961,12
9962,12
9963,12
9964,12
9965,12
9966,12
9967,12
9968,12
9969,12
9970,12
9971,12
9972,12
9973,12
9974,12
9975,12
9976,12
9977,12
9978,12
9979,12
9980,12
9981,12
9982,12
9983,12
9984,12
9985,12
9986,12
9987,14
9988,14
9989,14
9990,14
9991,14
9992,14
9993,14
9994,14
9995,14
9996,14
9997,14
9998,14
9999,18
